
source/sass/_styleguide.scss
  32:3  ✖  Expected indentation of 4 spaces  indentation
  33:3  ✖  Expected indentation of 4 spaces  indentation
  75:3  ✖  Expected indentation of 4 spaces  indentation
  76:3  ✖  Expected indentation of 4 spaces  indentation
  77:3  ✖  Expected indentation of 4 spaces  indentation
  78:3  ✖  Expected indentation of 4 spaces  indentation
  79:3  ✖  Expected indentation of 4 spaces  indentation
  86:3  ✖  Expected indentation of 4 spaces  indentation
  87:3  ✖  Expected indentation of 4 spaces  indentation
  88:3  ✖  Expected indentation of 4 spaces  indentation
  89:3  ✖  Expected indentation of 4 spaces  indentation
  90:3  ✖  Expected indentation of 4 spaces  indentation
  91:3  ✖  Expected indentation of 4 spaces  indentation
  92:3  ✖  Expected indentation of 4 spaces  indentation
  93:3  ✖  Expected indentation of 4 spaces  indentation
  94:3  ✖  Expected indentation of 4 spaces  indentation
  95:3  ✖  Expected indentation of 4 spaces  indentation
  96:3  ✖  Expected indentation of 4 spaces  indentation
 103:3  ✖  Expected indentation of 4 spaces  indentation
 104:3  ✖  Expected indentation of 4 spaces  indentation
 105:3  ✖  Expected indentation of 4 spaces  indentation
 106:3  ✖  Expected indentation of 4 spaces  indentation
 107:3  ✖  Expected indentation of 4 spaces  indentation
 108:3  ✖  Expected indentation of 4 spaces  indentation
 109:3  ✖  Expected indentation of 4 spaces  indentation
 116:3  ✖  Expected indentation of 4 spaces  indentation
 117:3  ✖  Expected indentation of 4 spaces  indentation
 118:3  ✖  Expected indentation of 4 spaces  indentation
 119:3  ✖  Expected indentation of 4 spaces  indentation
 120:3  ✖  Expected indentation of 4 spaces  indentation
 121:3  ✖  Expected indentation of 4 spaces  indentation
 122:3  ✖  Expected indentation of 4 spaces  indentation
 123:3  ✖  Expected indentation of 4 spaces  indentation
 124:3  ✖  Expected indentation of 4 spaces  indentation
 125:3  ✖  Expected indentation of 4 spaces  indentation
 126:3  ✖  Expected indentation of 4 spaces  indentation
 127:3  ✖  Expected indentation of 4 spaces  indentation
 128:3  ✖  Expected indentation of 4 spaces  indentation
 129:3  ✖  Expected indentation of 4 spaces  indentation
 130:3  ✖  Expected indentation of 4 spaces  indentation
 131:3  ✖  Expected indentation of 4 spaces  indentation
 132:3  ✖  Expected indentation of 4 spaces  indentation
 133:3  ✖  Expected indentation of 4 spaces  indentation
 134:3  ✖  Expected indentation of 4 spaces  indentation
 135:3  ✖  Expected indentation of 4 spaces  indentation
 136:3  ✖  Expected indentation of 4 spaces  indentation
 137:3  ✖  Expected indentation of 4 spaces  indentation
 138:3  ✖  Expected indentation of 4 spaces  indentation
 139:3  ✖  Expected indentation of 4 spaces  indentation
 140:3  ✖  Expected indentation of 4 spaces  indentation
 141:3  ✖  Expected indentation of 4 spaces  indentation
 142:3  ✖  Expected indentation of 4 spaces  indentation
 143:3  ✖  Expected indentation of 4 spaces  indentation
 144:3  ✖  Expected indentation of 4 spaces  indentation
 145:3  ✖  Expected indentation of 4 spaces  indentation
 146:3  ✖  Expected indentation of 4 spaces  indentation
 147:3  ✖  Expected indentation of 4 spaces  indentation
 148:3  ✖  Expected indentation of 4 spaces  indentation
 149:3  ✖  Expected indentation of 4 spaces  indentation
 150:3  ✖  Expected indentation of 4 spaces  indentation
 151:3  ✖  Expected indentation of 4 spaces  indentation
 152:3  ✖  Expected indentation of 4 spaces  indentation
 153:3  ✖  Expected indentation of 4 spaces  indentation
 154:3  ✖  Expected indentation of 4 spaces  indentation
 155:3  ✖  Expected indentation of 4 spaces  indentation
 156:3  ✖  Expected indentation of 4 spaces  indentation
 157:3  ✖  Expected indentation of 4 spaces  indentation
 158:3  ✖  Expected indentation of 4 spaces  indentation
 159:3  ✖  Expected indentation of 4 spaces  indentation
 160:3  ✖  Expected indentation of 4 spaces  indentation
 161:3  ✖  Expected indentation of 4 spaces  indentation
 162:3  ✖  Expected indentation of 4 spaces  indentation
 163:3  ✖  Expected indentation of 4 spaces  indentation
 164:3  ✖  Expected indentation of 4 spaces  indentation
 165:3  ✖  Expected indentation of 4 spaces  indentation
 166:3  ✖  Expected indentation of 4 spaces  indentation
 167:3  ✖  Expected indentation of 4 spaces  indentation
 168:3  ✖  Expected indentation of 4 spaces  indentation
 169:3  ✖  Expected indentation of 4 spaces  indentation
 170:3  ✖  Expected indentation of 4 spaces  indentation
 177:3  ✖  Expected indentation of 4 spaces  indentation
 178:3  ✖  Expected indentation of 4 spaces  indentation
 179:3  ✖  Expected indentation of 4 spaces  indentation
 180:3  ✖  Expected indentation of 4 spaces  indentation
 181:3  ✖  Expected indentation of 4 spaces  indentation
 182:3  ✖  Expected indentation of 4 spaces  indentation
 183:3  ✖  Expected indentation of 4 spaces  indentation
 184:3  ✖  Expected indentation of 4 spaces  indentation
 185:3  ✖  Expected indentation of 4 spaces  indentation
 186:3  ✖  Expected indentation of 4 spaces  indentation
 187:3  ✖  Expected indentation of 4 spaces  indentation
 188:3  ✖  Expected indentation of 4 spaces  indentation
 189:3  ✖  Expected indentation of 4 spaces  indentation
 190:3  ✖  Expected indentation of 4 spaces  indentation
 191:3  ✖  Expected indentation of 4 spaces  indentation
 192:3  ✖  Expected indentation of 4 spaces  indentation
 193:3  ✖  Expected indentation of 4 spaces  indentation
 194:3  ✖  Expected indentation of 4 spaces  indentation
 195:3  ✖  Expected indentation of 4 spaces  indentation
 196:3  ✖  Expected indentation of 4 spaces  indentation
 197:3  ✖  Expected indentation of 4 spaces  indentation
 198:3  ✖  Expected indentation of 4 spaces  indentation
 199:3  ✖  Expected indentation of 4 spaces  indentation
 200:3  ✖  Expected indentation of 4 spaces  indentation
 201:3  ✖  Expected indentation of 4 spaces  indentation
 202:3  ✖  Expected indentation of 4 spaces  indentation
 203:3  ✖  Expected indentation of 4 spaces  indentation

source/components/acceptance/style.scss
 112:126  ✖  Expected line length to be no more than     max-line-length
             100 characters
 143:1    ✖  Expected empty line before rule             rule-empty-line-before
 144:5    ✖  Expected empty line before rule             rule-empty-line-before

source/components/accordion/style.scss
  18:114  ✖  Expected line length to be no more than     max-line-length
             100 characters
  19:127  ✖  Expected line length to be no more than     max-line-length
             100 characters
  20:130  ✖  Expected line length to be no more than     max-line-length
             100 characters
 127:9    ✖  Expected empty line before rule             rule-empty-line-before
 141:101  ✖  Expected line length to be no more than     max-line-length
             100 characters
 175:1    ✖  Expected empty line before rule             rule-empty-line-before

source/components/block/style.scss
  51:152  ✖  Expected line length to be no more than 100        max-line-length
             characters
  54:181  ✖  Expected line length to be no more than 100        max-line-length
             characters
 125:120  ✖  Expected line length to be no more than 100        max-line-length
             characters

source/components/box/style.scss
 59:1    ✖  Expected no more than 1 empty line                  max-empty-lines
 81:113  ✖  Expected line length to be no more than 100         max-line-length
            characters

source/components/brand/style.scss
 10:3    ✖  Expected indentation of 4 spaces                    indentation
 11:3    ✖  Expected indentation of 4 spaces                    indentation
 12:3    ✖  Expected indentation of 4 spaces                    indentation
 13:3    ✖  Expected indentation of 4 spaces                    indentation
 13:111  ✖  Expected line length to be no more than 100         max-line-length
            characters
 14:3    ✖  Expected indentation of 4 spaces                    indentation
 16:3    ✖  Expected indentation of 4 spaces                    indentation
 17:5    ✖  Expected indentation of 8 spaces                    indentation
 18:3    ✖  Expected indentation of 4 spaces                    indentation
 20:3    ✖  Expected indentation of 4 spaces                    indentation
 21:5    ✖  Expected indentation of 8 spaces                    indentation
 22:3    ✖  Expected indentation of 4 spaces                    indentation
 24:3    ✖  Expected indentation of 4 spaces                    indentation
 25:5    ✖  Expected indentation of 8 spaces                    indentation
 26:5    ✖  Expected indentation of 8 spaces                    indentation
 27:5    ✖  Expected indentation of 8 spaces                    indentation
 28:5    ✖  Expected indentation of 8 spaces                    indentation
 29:3    ✖  Expected indentation of 4 spaces                    indentation
 31:3    ✖  Expected indentation of 4 spaces                    indentation
 32:5    ✖  Expected indentation of 8 spaces                    indentation
 33:5    ✖  Expected indentation of 8 spaces                    indentation
 34:5    ✖  Expected indentation of 8 spaces                    indentation
 35:5    ✖  Expected indentation of 8 spaces                    indentation
 36:5    ✖  Expected indentation of 8 spaces                    indentation
 37:5    ✖  Expected indentation of 8 spaces                    indentation
 38:5    ✖  Expected indentation of 8 spaces                    indentation
 39:5    ✖  Expected indentation of 8 spaces                    indentation
 40:5    ✖  Expected indentation of 8 spaces                    indentation
 41:3    ✖  Expected indentation of 4 spaces                    indentation
 43:3    ✖  Expected indentation of 4 spaces                    indentation
 44:5    ✖  Expected indentation of 8 spaces                    indentation
 45:5    ✖  Expected indentation of 8 spaces                    indentation
 46:3    ✖  Expected indentation of 4 spaces                    indentation

source/components/breadcrumb/style.scss
 35:13  ✖  Expected empty line before    rule-empty-line-before
           rule
 40:17  ✖  Expected empty line before    rule-empty-line-before
           rule
 40:46  ✖  Expected single colon         selector-pseudo-element-colon-notation
           pseudo-element notation

source/components/button/style.scss
  31:105  ✖  Expected line length to be  max-line-length
             no more than 100
             characters
  40:9    ✖  Expected indentation of 4   indentation
             spaces
  41:9    ✖  Expected indentation of 4   indentation
             spaces
  42:9    ✖  Expected indentation of 4   indentation
             spaces
  42:104  ✖  Expected line length to be  max-line-length
             no more than 100
             characters
  43:9    ✖  Expected indentation of 4   indentation
             spaces
  43:103  ✖  Expected line length to be  max-line-length
             no more than 100
             characters
  44:9    ✖  Expected indentation of 4   indentation
             spaces
  45:9    ✖  Expected indentation of 4   indentation
             spaces
  47:9    ✖  Expected indentation of 4   indentation
             spaces
  48:9    ✖  Expected indentation of 4   indentation
             spaces
  49:9    ✖  Expected indentation of 4   indentation
             spaces
  49:106  ✖  Expected line length to be  max-line-length
             no more than 100
             characters
  50:9    ✖  Expected indentation of 4   indentation
             spaces
  50:105  ✖  Expected line length to be  max-line-length
             no more than 100
             characters
  51:9    ✖  Expected indentation of 4   indentation
             spaces
  52:9    ✖  Expected indentation of 4   indentation
             spaces
  54:9    ✖  Expected indentation of 4   indentation
             spaces
  55:9    ✖  Expected indentation of 4   indentation
             spaces
  56:9    ✖  Expected indentation of 4   indentation
             spaces
  56:104  ✖  Expected line length to be  max-line-length
             no more than 100
             characters
  57:9    ✖  Expected indentation of 4   indentation
             spaces
  57:103  ✖  Expected line length to be  max-line-length
             no more than 100
             characters
  58:9    ✖  Expected indentation of 4   indentation
             spaces
  58:108  ✖  Expected line length to be  max-line-length
             no more than 100
             characters
  59:9    ✖  Expected indentation of 4   indentation
             spaces
  86:135  ✖  Expected line length to be  max-line-length
             no more than 100
             characters
 116:5    ✖  Expected empty line before  rule-empty-line-before
             rule
 135:9    ✖  Expected indentation of 4   indentation
             spaces
 136:9    ✖  Expected indentation of 4   indentation
             spaces
 137:9    ✖  Expected indentation of 4   indentation
             spaces
 138:9    ✖  Expected indentation of 4   indentation
             spaces
 139:9    ✖  Expected indentation of 4   indentation
             spaces
 141:9    ✖  Expected indentation of 4   indentation
             spaces
 142:9    ✖  Expected indentation of 4   indentation
             spaces
 143:9    ✖  Expected indentation of 4   indentation
             spaces
 144:9    ✖  Expected indentation of 4   indentation
             spaces
 145:9    ✖  Expected indentation of 4   indentation
             spaces
 147:9    ✖  Expected indentation of 4   indentation
             spaces
 148:9    ✖  Expected indentation of 4   indentation
             spaces
 149:9    ✖  Expected indentation of 4   indentation
             spaces
 150:9    ✖  Expected indentation of 4   indentation
             spaces
 151:9    ✖  Expected indentation of 4   indentation
             spaces
 152:9    ✖  Expected indentation of 4   indentation
             spaces
 197:5    ✖  Expected empty line before  rule-empty-line-before
             rule
 209:5    ✖  Expected empty line before  rule-empty-line-before
             rule
 218:5    ✖  Expected empty line before  rule-empty-line-before
             rule
 334:24   ✖  Expected single colon       selector-pseudo-element-colon-notation
             pseudo-element notation
 406:116  ✖  Expected line length to be  max-line-length
             no more than 100
             characters
 438:9    ✖  Expected empty line before  rule-empty-line-before
             rule
 452:13   ✖  Expected empty line before  rule-empty-line-before
             rule

source/components/card/style.scss
  26:130  ✖  Expected line length to be no      max-line-length
             more than 100 characters
  43:5    ✖  Expected empty line before rule    rule-empty-line-before
  66:118  ✖  Expected line length to be no      max-line-length
             more than 100 characters
  67:131  ✖  Expected line length to be no      max-line-length
             more than 100 characters
  68:116  ✖  Expected line length to be no      max-line-length
             more than 100 characters
  69:109  ✖  Expected line length to be no      max-line-length
             more than 100 characters
 210:10   ✖  Unexpected whitespace after "~"    selector-combinator-space-after
 228:103  ✖  Expected line length to be no      max-line-length
             more than 100 characters
 238:118  ✖  Expected line length to be no      max-line-length
             more than 100 characters
 298:118  ✖  Expected line length to be no      max-line-length
             more than 100 characters
 304:1    ✖  Expected no more than 1 empty      max-empty-lines
             line
 376:147  ✖  Expected line length to be no      max-line-length
             more than 100 characters

source/components/chat/chat__input.scss
 11:124  ✖  Expected line length to be   max-line-length
            no more than 100 characters
 12:123  ✖  Expected line length to be   max-line-length
            no more than 100 characters
 21:10   ✖  Expected single colon        selector-pseudo-element-colon-notation
            pseudo-element notation
 49:132  ✖  Expected line length to be   max-line-length
            no more than 100 characters

source/components/chat/chat__message.scss
 17:130  ✖  Expected line length to be no      max-line-length
            more than 100 characters
 27:128  ✖  Expected line length to be no      max-line-length
            more than 100 characters
 40:11   ✖  Unexpected whitespace after ">"    selector-combinator-space-after
 40:11   ✖  Unexpected whitespace before ">"   selector-combinator-space-before
 75:17   ✖  Expected empty line before rule    rule-empty-line-before

source/components/chat/style.scss
 31:134  ✖  Expected line length to be no more than 100         max-line-length
            characters
 44:136  ✖  Expected line length to be no more than 100         max-line-length
            characters
 74:136  ✖  Expected line length to be no more than 100         max-line-length
            characters

source/components/collection/style.scss
  31:122  ✖  Expected line length to be no more than     max-line-length
             100 characters
  80:17   ✖  Expected empty line before rule             rule-empty-line-before
  92:133  ✖  Expected line length to be no more than     max-line-length
             100 characters
  93:130  ✖  Expected line length to be no more than     max-line-length
             100 characters
 170:2    ✖  Expected no more than 1 empty line          max-empty-lines
 265:123  ✖  Expected line length to be no more than     max-line-length
             100 characters
 269:123  ✖  Expected line length to be no more than     max-line-length
             100 characters
 321:113  ✖  Expected line length to be no more than     max-line-length
             100 characters

source/components/comment/style.scss
 71:103  ✖  Expected line length to be no more than 100         max-line-length
            characters

source/components/datebadge/style.scss
  26:107  ✖  Expected line length to be no more than 100        max-line-length
             characters
  33:105  ✖  Expected line length to be no more than 100        max-line-length
             characters
  34:101  ✖  Expected line length to be no more than 100        max-line-length
             characters
  51:145  ✖  Expected line length to be no more than 100        max-line-length
             characters
  58:149  ✖  Expected line length to be no more than 100        max-line-length
             characters
  65:105  ✖  Expected line length to be no more than 100        max-line-length
             characters
  66:113  ✖  Expected line length to be no more than 100        max-line-length
             characters
  70:102  ✖  Expected line length to be no more than 100        max-line-length
             characters
  72:108  ✖  Expected line length to be no more than 100        max-line-length
             characters
  74:117  ✖  Expected line length to be no more than 100        max-line-length
             characters
  78:104  ✖  Expected line length to be no more than 100        max-line-length
             characters
  80:110  ✖  Expected line length to be no more than 100        max-line-length
             characters
  82:119  ✖  Expected line length to be no more than 100        max-line-length
             characters
  91:107  ✖  Expected line length to be no more than 100        max-line-length
             characters
  94:114  ✖  Expected line length to be no more than 100        max-line-length
             characters
 100:115  ✖  Expected line length to be no more than 100        max-line-length
             characters

source/components/divider/style.scss
  14:6    ✖  Expected single colon       selector-pseudo-element-colon-notation
             pseudo-element notation
  15:6    ✖  Expected single colon       selector-pseudo-element-colon-notation
             pseudo-element notation
  25:101  ✖  Expected line length to be  max-line-length
             no more than 100
             characters
  54:9    ✖  Expected empty line before  rule-empty-line-before
             rule
  54:10   ✖  Expected single colon       selector-pseudo-element-colon-notation
             pseudo-element notation
  60:9    ✖  Expected empty line before  rule-empty-line-before
             rule
  60:10   ✖  Expected single colon       selector-pseudo-element-colon-notation
             pseudo-element notation
  66:9    ✖  Expected empty line before  rule-empty-line-before
             rule
  66:10   ✖  Expected single colon       selector-pseudo-element-colon-notation
             pseudo-element notation
  70:10   ✖  Expected single colon       selector-pseudo-element-colon-notation
             pseudo-element notation
  95:14   ✖  Expected single colon       selector-pseudo-element-colon-notation
             pseudo-element notation
  96:14   ✖  Expected single colon       selector-pseudo-element-colon-notation
             pseudo-element notation
 100:14   ✖  Expected single colon       selector-pseudo-element-colon-notation
             pseudo-element notation
 101:14   ✖  Expected single colon       selector-pseudo-element-colon-notation
             pseudo-element notation

source/components/drawer/style.scss
   8:1    ✖  Expected empty line before  rule-empty-line-before
             rule
  40:1    ✖  Expected empty line before  rule-empty-line-before
             rule
  74:1    ✖  Expected empty line before  rule-empty-line-before
             rule
  91:109  ✖  Expected line length to be  max-line-length
             no more than 100
             characters
 119:1    ✖  Expected empty line before  rule-empty-line-before
             rule
 129:5    ✖  Expected indentation of 8   indentation
             spaces
 130:5    ✖  Expected indentation of 8   indentation
             spaces
 156:182  ✖  Expected line length to be  max-line-length
             no more than 100
             characters
 160:5    ✖  Expected empty line before  rule-empty-line-before
             rule
 161:117  ✖  Expected line length to be  max-line-length
             no more than 100
             characters
 162:126  ✖  Expected line length to be  max-line-length
             no more than 100
             characters
 163:133  ✖  Expected line length to be  max-line-length
             no more than 100
             characters
 164:140  ✖  Expected line length to be  max-line-length
             no more than 100
             characters
 169:1    ✖  Expected empty line before  rule-empty-line-before
             rule
 179:9    ✖  Expected empty line before  rule-empty-line-before
             rule
 184:64   ✖  Expected single colon       selector-pseudo-element-colon-notation
             pseudo-element notation
 185:64   ✖  Expected single colon       selector-pseudo-element-colon-notation
             pseudo-element notation
 192:1    ✖  Expected empty line before  rule-empty-line-before
             rule
 194:5    ✖  Expected indentation of 8   indentation
             spaces
 195:5    ✖  Expected indentation of 8   indentation
             spaces
 204:5    ✖  Expected indentation of -4  indentation
             spaces
 217:5    ✖  Expected indentation of 8   indentation
             spaces
 224:1    ✖  Expected empty line before  rule-empty-line-before
             rule
 227:5    ✖  Expected indentation of 8   indentation
             spaces

source/components/fab/style.scss
  23:130  ✖  Expected line length to  max-line-length
             be no more than 100
             characters
  36:10   ✖  Expected no more than 1  max-empty-lines
             empty line
  70:5    ✖  Unexpected duplicate     declaration-block-no-duplicate-properties
             "filter"
  73:102  ✖  Expected line length to  max-line-length
             be no more than 100
             characters
  74:9    ✖  Expected indentation of  indentation
             4 spaces
  75:102  ✖  Expected line length to  max-line-length
             be no more than 100
             characters
  76:9    ✖  Expected indentation of  indentation
             4 spaces
  82:106  ✖  Expected line length to  max-line-length
             be no more than 100
             characters
 109:103  ✖  Expected line length to  max-line-length
             be no more than 100
             characters
 112:124  ✖  Expected line length to  max-line-length
             be no more than 100
             characters
 120:5    ✖  Expected empty line      rule-empty-line-before
             before rule

source/components/field/style.scss
  17:342  ✖  Expected line length to be  max-line-length
             no more than 100
             characters
  21:130  ✖  Expected line length to be  max-line-length
             no more than 100
             characters
  29:111  ✖  Expected line length to be  max-line-length
             no more than 100
             characters
  30:117  ✖  Expected line length to be  max-line-length
             no more than 100
             characters
  31:117  ✖  Expected line length to be  max-line-length
             no more than 100
             characters
 145:13   ✖  Expected empty line before  rule-empty-line-before
             rule
 145:14   ✖  Expected single colon       selector-pseudo-element-colon-notation
             pseudo-element notation
 152:132  ✖  Expected line length to be  max-line-length
             no more than 100
             characters
 154:21   ✖  Expected indentation of 16  indentation
             spaces
 154:124  ✖  Expected line length to be  max-line-length
             no more than 100
             characters
 155:21   ✖  Expected indentation of 16  indentation
             spaces
 155:124  ✖  Expected line length to be  max-line-length
             no more than 100
             characters
 161:14   ✖  Expected single colon       selector-pseudo-element-colon-notation
             pseudo-element notation
 226:13   ✖  Expected empty line before  rule-empty-line-before
             rule
 238:1    ✖  Expected no more than 1     max-empty-lines
             empty line
 413:107  ✖  Expected line length to be  max-line-length
             no more than 100
             characters
 416:131  ✖  Expected line length to be  max-line-length
             no more than 100
             characters
 466:126  ✖  Expected line length to be  max-line-length
             no more than 100
             characters
 477:104  ✖  Expected line length to be  max-line-length
             no more than 100
             characters
 487:1    ✖  Expected empty line before  rule-empty-line-before
             rule
 489:9    ✖  Expected empty line before  rule-empty-line-before
             rule
 499:9    ✖  Expected empty line before  rule-empty-line-before
             rule

source/components/fileinput/style.scss
  12:130  ✖  Expected line length to be  max-line-length
             no more than 100
             characters
  31:5    ✖  Expected empty line before  rule-empty-line-before
             rule
  32:9    ✖  Expected empty line before  rule-empty-line-before
             rule
  48:9    ✖  Expected empty line before  rule-empty-line-before
             rule
  54:13   ✖  Expected empty line before  rule-empty-line-before
             rule
  54:14   ✖  Expected single colon       selector-pseudo-element-colon-notation
             pseudo-element notation
  68:13   ✖  Expected empty line before  rule-empty-line-before
             rule
  68:14   ✖  Expected single colon       selector-pseudo-element-colon-notation
             pseudo-element notation
  72:110  ✖  Expected line length to be  max-line-length
             no more than 100
             characters
  80:9    ✖  Expected empty line before  rule-empty-line-before
             rule
 168:18   ✖  Expected single colon       selector-pseudo-element-colon-notation
             pseudo-element notation
 171:17   ✖  Expected empty line before  rule-empty-line-before
             rule
 171:18   ✖  Expected single colon       selector-pseudo-element-colon-notation
             pseudo-element notation
 179:5    ✖  Expected empty line before  rule-empty-line-before
             rule
 224:10   ✖  Expected single colon       selector-pseudo-element-colon-notation
             pseudo-element notation
 227:9    ✖  Expected empty line before  rule-empty-line-before
             rule
 227:10   ✖  Expected single colon       selector-pseudo-element-colon-notation
             pseudo-element notation
 245:5    ✖  Expected empty line before  rule-empty-line-before
             rule
 276:18   ✖  Expected single colon       selector-pseudo-element-colon-notation
             pseudo-element notation
 330:15   ✖  Unexpected whitespace       selector-combinator-space-after
             after ">"
 330:15   ✖  Unexpected whitespace       selector-combinator-space-before
             before ">"
 352:5    ✖  Expected empty line before  rule-empty-line-before
             rule
 356:5    ✖  Expected empty line before  rule-empty-line-before
             rule

source/components/footer/style.scss
  15:105  ✖  Expected line length to be no more than     max-line-length
             100 characters
  16:115  ✖  Expected line length to be no more than     max-line-length
             100 characters
  17:103  ✖  Expected line length to be no more than     max-line-length
             100 characters
  20:83   ✖  Expected "#A3A3A3" to be "#a3a3a3"          color-hex-case
 105:5    ✖  Expected empty line before rule             rule-empty-line-before
 109:153  ✖  Expected line length to be no more than     max-line-length
             100 characters
 113:153  ✖  Expected line length to be no more than     max-line-length
             100 characters
 138:113  ✖  Expected line length to be no more than     max-line-length
             100 characters
 170:106  ✖  Expected line length to be no more than     max-line-length
             100 characters
 180:106  ✖  Expected line length to be no more than     max-line-length
             100 characters
 204:9    ✖  Expected empty line before rule             rule-empty-line-before
 209:9    ✖  Expected empty line before rule             rule-empty-line-before
 211:110  ✖  Expected line length to be no more than     max-line-length
             100 characters
 215:110  ✖  Expected line length to be no more than     max-line-length
             100 characters
 269:105  ✖  Expected line length to be no more than     max-line-length
             100 characters
 306:177  ✖  Expected line length to be no more than     max-line-length
             100 characters

source/components/gallery/style.scss
 20:2   ✖  Expected no more than 1       max-empty-lines
           empty line
 46:14  ✖  Expected single colon         selector-pseudo-element-colon-notation
           pseudo-element notation
 57:14  ✖  Expected single colon         selector-pseudo-element-colon-notation
           pseudo-element notation
 75:36  ✖  Expected single colon         selector-pseudo-element-colon-notation
           pseudo-element notation
 76:36  ✖  Expected single colon         selector-pseudo-element-colon-notation
           pseudo-element notation
 80:36  ✖  Expected single colon         selector-pseudo-element-colon-notation
           pseudo-element notation

source/components/gallery--modal/style.scss
  10:3    ✖  Expected indentation of 4   indentation
             spaces
  11:3    ✖  Expected indentation of 4   indentation
             spaces
  12:3    ✖  Expected indentation of 4   indentation
             spaces
  13:3    ✖  Expected indentation of 4   indentation
             spaces
  14:3    ✖  Expected indentation of 4   indentation
             spaces
  15:3    ✖  Expected indentation of 4   indentation
             spaces
  16:3    ✖  Expected indentation of 4   indentation
             spaces
  18:3    ✖  Expected indentation of 4   indentation
             spaces
  19:5    ✖  Expected indentation of 8   indentation
             spaces
  20:3    ✖  Expected indentation of 4   indentation
             spaces
  22:3    ✖  Expected indentation of 4   indentation
             spaces
  23:5    ✖  Expected indentation of 8   indentation
             spaces
  24:5    ✖  Expected indentation of 8   indentation
             spaces
  25:5    ✖  Expected indentation of 8   indentation
             spaces
  26:5    ✖  Expected indentation of 8   indentation
             spaces
  27:5    ✖  Expected indentation of 8   indentation
             spaces
  28:5    ✖  Expected indentation of 8   indentation
             spaces
  29:5    ✖  Expected indentation of 8   indentation
             spaces
  30:5    ✖  Expected indentation of 8   indentation
             spaces
  31:5    ✖  Expected indentation of 8   indentation
             spaces
  32:5    ✖  Expected indentation of 8   indentation
             spaces
  33:5    ✖  Expected indentation of 8   indentation
             spaces
  33:102  ✖  Expected line length to be  max-line-length
             no more than 100
             characters
  34:5    ✖  Expected indentation of 8   indentation
             spaces
  35:5    ✖  Expected indentation of 8   indentation
             spaces
  37:5    ✖  Expected indentation of 8   indentation
             spaces
  37:6    ✖  Expected single colon       selector-pseudo-element-colon-notation
             pseudo-element notation
  38:7    ✖  Expected indentation of 12  indentation
             spaces
  39:5    ✖  Expected indentation of 8   indentation
             spaces
  40:3    ✖  Expected indentation of 4   indentation
             spaces
  42:3    ✖  Expected indentation of 4   indentation
             spaces
  43:5    ✖  Expected indentation of 8   indentation
             spaces
  44:5    ✖  Expected indentation of 8   indentation
             spaces
  45:5    ✖  Expected indentation of 8   indentation
             spaces
  46:5    ✖  Expected indentation of 8   indentation
             spaces
  47:5    ✖  Expected indentation of 8   indentation
             spaces
  48:5    ✖  Expected indentation of 8   indentation
             spaces
  49:5    ✖  Expected indentation of 8   indentation
             spaces
  51:5    ✖  Expected indentation of 8   indentation
             spaces
  52:5    ✖  Expected indentation of 8   indentation
             spaces
  53:7    ✖  Expected indentation of 12  indentation
             spaces
  54:7    ✖  Expected indentation of 12  indentation
             spaces
  55:5    ✖  Expected indentation of 8   indentation
             spaces
  57:5    ✖  Expected indentation of 8   indentation
             spaces
  58:7    ✖  Expected indentation of 12  indentation
             spaces
  59:7    ✖  Expected indentation of 12  indentation
             spaces
  60:7    ✖  Expected indentation of 12  indentation
             spaces
  61:7    ✖  Expected indentation of 12  indentation
             spaces
  62:5    ✖  Expected indentation of 8   indentation
             spaces
  64:5    ✖  Expected indentation of 8   indentation
             spaces
  65:7    ✖  Expected indentation of 12  indentation
             spaces
  66:7    ✖  Expected indentation of 12  indentation
             spaces
  67:7    ✖  Expected indentation of 12  indentation
             spaces
  68:7    ✖  Expected indentation of 12  indentation
             spaces
  69:7    ✖  Expected indentation of 12  indentation
             spaces
  70:7    ✖  Expected indentation of 12  indentation
             spaces
  71:7    ✖  Expected indentation of 12  indentation
             spaces
  73:7    ✖  Expected indentation of 12  indentation
             spaces
  74:9    ✖  Expected indentation of 16  indentation
             spaces
  75:7    ✖  Expected indentation of 12  indentation
             spaces
  77:7    ✖  Expected indentation of 12  indentation
             spaces
  78:9    ✖  Expected indentation of 16  indentation
             spaces
  79:9    ✖  Expected indentation of 16  indentation
             spaces
  80:7    ✖  Expected indentation of 12  indentation
             spaces
  82:7    ✖  Expected indentation of 12  indentation
             spaces
  83:9    ✖  Expected indentation of 16  indentation
             spaces
  84:9    ✖  Expected indentation of 16  indentation
             spaces
  85:7    ✖  Expected indentation of 12  indentation
             spaces
  86:5    ✖  Expected indentation of 8   indentation
             spaces
  88:5    ✖  Expected indentation of 8   indentation
             spaces
  89:7    ✖  Expected indentation of 12  indentation
             spaces
  90:7    ✖  Expected indentation of 12  indentation
             spaces
  91:7    ✖  Expected indentation of 12  indentation
             spaces
  92:5    ✖  Expected indentation of 8   indentation
             spaces
  93:3    ✖  Expected indentation of 4   indentation
             spaces
  95:3    ✖  Expected indentation of 4   indentation
             spaces
  96:5    ✖  Expected indentation of 8   indentation
             spaces
  97:5    ✖  Expected indentation of 8   indentation
             spaces
  98:5    ✖  Expected indentation of 8   indentation
             spaces
  99:5    ✖  Expected indentation of 8   indentation
             spaces
 100:5    ✖  Expected indentation of 8   indentation
             spaces
 101:5    ✖  Expected indentation of 8   indentation
             spaces
 102:3    ✖  Expected indentation of 4   indentation
             spaces
 104:3    ✖  Expected indentation of 4   indentation
             spaces
 105:3    ✖  Expected indentation of 4   indentation
             spaces
 106:5    ✖  Expected indentation of 8   indentation
             spaces
 107:5    ✖  Expected indentation of 8   indentation
             spaces
 108:5    ✖  Expected indentation of 8   indentation
             spaces
 109:5    ✖  Expected indentation of 8   indentation
             spaces
 110:5    ✖  Expected indentation of 8   indentation
             spaces
 111:5    ✖  Expected indentation of 8   indentation
             spaces
 112:5    ✖  Expected indentation of 8   indentation
             spaces
 113:3    ✖  Expected indentation of 4   indentation
             spaces
 115:3    ✖  Expected indentation of 4   indentation
             spaces
 116:5    ✖  Expected indentation of 8   indentation
             spaces
 117:3    ✖  Expected indentation of 4   indentation
             spaces
 119:3    ✖  Expected indentation of 4   indentation
             spaces
 120:5    ✖  Expected indentation of 8   indentation
             spaces
 121:3    ✖  Expected indentation of 4   indentation
             spaces
 123:3    ✖  Expected indentation of 4   indentation
             spaces
 125:5    ✖  Expected indentation of 8   indentation
             spaces
 126:5    ✖  Expected indentation of 8   indentation
             spaces
 127:7    ✖  Expected indentation of 12  indentation
             spaces
 128:7    ✖  Expected indentation of 12  indentation
             spaces
 129:7    ✖  Expected indentation of 12  indentation
             spaces
 130:5    ✖  Expected indentation of 8   indentation
             spaces
 131:3    ✖  Expected indentation of 4   indentation
             spaces
 133:3    ✖  Expected indentation of 4   indentation
             spaces
 134:3    ✖  Expected indentation of 4   indentation
             spaces
 135:3    ✖  Expected indentation of 4   indentation
             spaces
 136:5    ✖  Expected indentation of 8   indentation
             spaces
 137:3    ✖  Expected indentation of 4   indentation
             spaces
 139:3    ✖  Expected indentation of 4   indentation
             spaces
 140:5    ✖  Expected indentation of 8   indentation
             spaces
 141:5    ✖  Expected indentation of 8   indentation
             spaces
 142:5    ✖  Expected indentation of 8   indentation
             spaces
 143:5    ✖  Expected indentation of 8   indentation
             spaces
 144:5    ✖  Expected indentation of 8   indentation
             spaces
 145:5    ✖  Expected indentation of 8   indentation
             spaces
 146:5    ✖  Expected indentation of 8   indentation
             spaces
 147:5    ✖  Expected indentation of 8   indentation
             spaces
 148:5    ✖  Expected indentation of 8   indentation
             spaces
 149:5    ✖  Expected indentation of 8   indentation
             spaces
 150:5    ✖  Expected indentation of 8   indentation
             spaces
 151:3    ✖  Expected indentation of 4   indentation
             spaces
 153:3    ✖  Expected indentation of 4   indentation
             spaces
 154:5    ✖  Expected indentation of 8   indentation
             spaces
 155:5    ✖  Expected indentation of 8   indentation
             spaces
 156:5    ✖  Expected indentation of 8   indentation
             spaces
 157:5    ✖  Expected indentation of 8   indentation
             spaces
 158:5    ✖  Expected indentation of 8   indentation
             spaces
 159:5    ✖  Expected indentation of 8   indentation
             spaces
 160:5    ✖  Expected indentation of 8   indentation
             spaces
 161:3    ✖  Expected indentation of 4   indentation
             spaces
 163:3    ✖  Expected indentation of 4   indentation
             spaces
 164:3    ✖  Expected indentation of 4   indentation
             spaces
 165:5    ✖  Expected indentation of 8   indentation
             spaces
 166:3    ✖  Expected indentation of 4   indentation
             spaces
 168:3    ✖  Expected indentation of 4   indentation
             spaces
 169:5    ✖  Expected indentation of 8   indentation
             spaces
 170:5    ✖  Expected indentation of 8   indentation
             spaces
 171:3    ✖  Expected indentation of 4   indentation
             spaces
 173:3    ✖  Expected indentation of 4   indentation
             spaces
 174:3    ✖  Expected indentation of 4   indentation
             spaces
 175:5    ✖  Expected indentation of 8   indentation
             spaces
 176:3    ✖  Expected indentation of 4   indentation
             spaces
 178:3    ✖  Expected indentation of 4   indentation
             spaces
 179:5    ✖  Expected indentation of 8   indentation
             spaces
 180:5    ✖  Expected indentation of 8   indentation
             spaces
 181:3    ✖  Expected indentation of 4   indentation
             spaces

source/components/group/style.scss
   3:112  ✖  Expected line length to be no more than 100        max-line-length
             characters
 142:60   ✖  Expected double quotes                             string-quotes

source/components/header/style.scss
  12:126  ✖  Expected line length to be no more than     max-line-length
             100 characters
  61:124  ✖  Expected line length to be no more than     max-line-length
             100 characters
  62:125  ✖  Expected line length to be no more than     max-line-length
             100 characters
  85:9    ✖  Expected empty line before rule             rule-empty-line-before
 109:9    ✖  Expected empty line before rule             rule-empty-line-before
 127:5    ✖  Expected empty line before rule             rule-empty-line-before
 133:5    ✖  Expected empty line before rule             rule-empty-line-before

source/components/icon/style.scss
  67:2   ✖  Expected indentation of 12   indentation
            spaces
  69:21  ✖  Expected indentation of 12   indentation
            spaces
  69:22  ✖  Expected single colon        selector-pseudo-element-colon-notation
            pseudo-element notation
  70:21  ✖  Expected indentation of 16   indentation
            spaces
  71:21  ✖  Expected indentation of 16   indentation
            spaces
  72:21  ✖  Expected indentation of 16   indentation
            spaces
  73:17  ✖  Expected indentation of 12   indentation
            spaces
  75:17  ✖  Expected indentation of 12   indentation
            spaces
  76:21  ✖  Expected indentation of 16   indentation
            spaces
  77:17  ✖  Expected indentation of 12   indentation
            spaces
  78:13  ✖  Expected indentation of 8    indentation
            spaces
  79:9   ✖  Expected indentation of 4    indentation
            spaces
  81:9   ✖  Expected indentation of 4    indentation
            spaces
  83:9   ✖  Expected indentation of 4    indentation
            spaces
  84:13  ✖  Expected indentation of 8    indentation
            spaces
  85:13  ✖  Expected indentation of 8    indentation
            spaces
  86:13  ✖  Expected indentation of 8    indentation
            spaces
  87:9   ✖  Expected indentation of 4    indentation
            spaces
  89:9   ✖  Expected indentation of 4    indentation
            spaces
  90:13  ✖  Expected indentation of 8    indentation
            spaces
  91:9   ✖  Expected indentation of 4    indentation
            spaces
  93:5   ✖  Expected indentation of 0    indentation
            spaces
  95:5   ✖  Expected indentation of 0    indentation
            spaces
  97:9   ✖  Expected indentation of 4    indentation
            spaces
  98:13  ✖  Expected indentation of 8    indentation
            spaces
  99:9   ✖  Expected indentation of 4    indentation
            spaces
 101:5   ✖  Expected indentation of 0    indentation
            spaces
 103:5   ✖  Expected indentation of 0    indentation
            spaces

source/components/hero/style.scss
 106:6    ✖  Expected single colon       selector-pseudo-element-colon-notation
             pseudo-element notation
 118:10   ✖  Expected single colon       selector-pseudo-element-colon-notation
             pseudo-element notation
 126:10   ✖  Expected single colon       selector-pseudo-element-colon-notation
             pseudo-element notation
 135:10   ✖  Expected single colon       selector-pseudo-element-colon-notation
             pseudo-element notation
 355:103  ✖  Expected line length to be  max-line-length
             no more than 100
             characters
 422:107  ✖  Expected line length to be  max-line-length
             no more than 100
             characters
 432:107  ✖  Expected line length to be  max-line-length
             no more than 100
             characters
 460:108  ✖  Expected line length to be  max-line-length
             no more than 100
             characters
 467:5    ✖  Expected empty line before  rule-empty-line-before
             rule

source/components/iconsection/style.scss
  8:3    ✖  Expected indentation of 4 spaces             indentation
  9:3    ✖  Expected indentation of 4 spaces             indentation
 10:3    ✖  Expected indentation of 4 spaces             indentation
 12:3    ✖  Expected indentation of 4 spaces             indentation
 13:5    ✖  Expected indentation of 8 spaces             indentation
 14:5    ✖  Expected indentation of 8 spaces             indentation
 15:5    ✖  Expected indentation of 8 spaces             indentation
 16:5    ✖  Expected indentation of 8 spaces             indentation
 17:5    ✖  Expected indentation of 8 spaces             indentation
 19:5    ✖  Expected indentation of 8 spaces             indentation
 20:7    ✖  Expected indentation of 12 spaces            indentation
 21:5    ✖  Expected indentation of 8 spaces             indentation
 23:5    ✖  Expected indentation of 8 spaces             indentation
 24:7    ✖  Expected indentation of 12 spaces            indentation
 25:7    ✖  Expected indentation of 12 spaces            indentation
 26:7    ✖  Expected indentation of 12 spaces            indentation
 27:5    ✖  Expected indentation of 8 spaces             indentation
 29:5    ✖  Expected indentation of 8 spaces             indentation
 30:7    ✖  Expected indentation of 12 spaces            indentation
 31:5    ✖  Expected indentation of 8 spaces             indentation
 33:5    ✖  Expected indentation of 8 spaces             indentation
 34:7    ✖  Expected indentation of 12 spaces            indentation
 35:7    ✖  Expected indentation of 12 spaces            indentation
 36:5    ✖  Expected indentation of 8 spaces             indentation
 38:5    ✖  Expected indentation of 8 spaces             indentation
 39:7    ✖  Expected indentation of 12 spaces            indentation
 40:7    ✖  Expected indentation of 12 spaces            indentation
 41:5    ✖  Expected indentation of 8 spaces             indentation
 42:3    ✖  Expected indentation of 4 spaces             indentation
 44:3    ✖  Expected indentation of 4 spaces             indentation
 45:5    ✖  Expected indentation of 8 spaces             indentation
 46:7    ✖  Expected indentation of 12 spaces            indentation
 47:5    ✖  Expected indentation of 8 spaces             indentation
 48:3    ✖  Expected indentation of 4 spaces             indentation
 53:3    ✖  Expected indentation of 4 spaces             indentation
 54:3    ✖  Expected indentation of 4 spaces             indentation
 55:3    ✖  Expected indentation of 4 spaces             indentation
 55:113  ✖  Expected line length to be no more than 100  max-line-length
            characters
 57:3    ✖  Expected indentation of 4 spaces             indentation
 58:3    ✖  Expected indentation of 4 spaces             indentation
 59:3    ✖  Expected indentation of 4 spaces             indentation
 60:3    ✖  Expected indentation of 4 spaces             indentation
 61:3    ✖  Expected indentation of 4 spaces             indentation
 63:3    ✖  Expected indentation of 4 spaces             indentation
 65:5    ✖  Expected indentation of 8 spaces             indentation
 66:5    ✖  Expected indentation of 8 spaces             indentation
 67:5    ✖  Expected indentation of 8 spaces             indentation
 68:5    ✖  Expected indentation of 8 spaces             indentation
 69:5    ✖  Expected indentation of 8 spaces             indentation
 70:5    ✖  Expected indentation of 8 spaces             indentation
 71:7    ✖  Expected empty line before rule              rule-empty-line-before
 71:7    ✖  Expected indentation of 12 spaces            indentation
 72:9    ✖  Expected indentation of 16 spaces            indentation
 73:9    ✖  Expected indentation of 16 spaces            indentation
 74:7    ✖  Expected indentation of 12 spaces            indentation
 75:5    ✖  Expected indentation of 8 spaces             indentation
 76:3    ✖  Expected indentation of 4 spaces             indentation
 78:3    ✖  Expected indentation of 4 spaces             indentation
 79:3    ✖  Expected indentation of 4 spaces             indentation
 80:5    ✖  Expected indentation of 8 spaces             indentation
 81:3    ✖  Expected indentation of 4 spaces             indentation
 83:3    ✖  Expected indentation of 4 spaces             indentation
 84:5    ✖  Expected indentation of 8 spaces             indentation
 85:5    ✖  Expected indentation of 8 spaces             indentation
 86:5    ✖  Expected indentation of 8 spaces             indentation
 86:121  ✖  Expected line length to be no more than 100  max-line-length
            characters
 87:5    ✖  Expected indentation of 8 spaces             indentation
 89:5    ✖  Expected indentation of 8 spaces             indentation
 90:7    ✖  Expected indentation of 12 spaces            indentation
 91:5    ✖  Expected indentation of 8 spaces             indentation
 92:3    ✖  Expected indentation of 4 spaces             indentation
 94:3    ✖  Expected indentation of 4 spaces             indentation
 95:5    ✖  Expected indentation of 8 spaces             indentation
 96:3    ✖  Expected indentation of 4 spaces             indentation

source/components/image/style.scss
  41:130  ✖  Expected line length to be no more than     max-line-length
             100 characters
  42:161  ✖  Expected line length to be no more than     max-line-length
             100 characters
  81:5    ✖  Expected empty line before rule             rule-empty-line-before
 117:5    ✖  Expected empty line before rule             rule-empty-line-before

source/components/loader/style.scss
  14:5  ✖  Expected empty line before rule  rule-empty-line-before
 148:5  ✖  Expected empty line before rule  rule-empty-line-before
 213:9  ✖  Expected empty line before rule  rule-empty-line-before

source/components/modal/style.scss
  74:9   ✖  Expected empty line before   rule-empty-line-before
            rule
 141:10  ✖  Expected single colon        selector-pseudo-element-colon-notation
            pseudo-element notation
 173:10  ✖  Expected single colon        selector-pseudo-element-colon-notation
            pseudo-element notation
 195:5   ✖  Expected empty line before   rule-empty-line-before
            rule

source/components/nav/style.scss
  40:1    ✖  Expected no more than 1     max-empty-lines
             empty line
  45:113  ✖  Expected line length to be  max-line-length
             no more than 100
             characters
  48:106  ✖  Expected line length to be  max-line-length
             no more than 100
             characters
  50:148  ✖  Expected line length to be  max-line-length
             no more than 100
             characters
  51:132  ✖  Expected line length to be  max-line-length
             no more than 100
             characters
  52:159  ✖  Expected line length to be  max-line-length
             no more than 100
             characters
  53:184  ✖  Expected line length to be  max-line-length
             no more than 100
             characters
 117:13   ✖  Expected empty line before  rule-empty-line-before
             rule
 146:5    ✖  Expected empty line before  rule-empty-line-before
             rule
 206:141  ✖  Expected line length to be  max-line-length
             no more than 100
             characters
 212:5    ✖  Expected empty line before  rule-empty-line-before
             rule
 232:13   ✖  Expected empty line before  rule-empty-line-before
             rule
 247:104  ✖  Expected line length to be  max-line-length
             no more than 100
             characters
 254:9    ✖  Expected empty line before  rule-empty-line-before
             rule
 255:13   ✖  Expected empty line before  rule-empty-line-before
             rule
 316:1    ✖  Expected empty line before  rule-empty-line-before
             rule
 319:5    ✖  Expected empty line before  rule-empty-line-before
             rule
 337:5    ✖  Expected empty line before  rule-empty-line-before
             rule
 345:5    ✖  Expected empty line before  rule-empty-line-before
             rule
 361:5    ✖  Expected empty line before  rule-empty-line-before
             rule
 366:5    ✖  Expected empty line before  rule-empty-line-before
             rule
 396:9    ✖  Expected empty line before  rule-empty-line-before
             rule
 402:9    ✖  Expected empty line before  rule-empty-line-before
             rule
 414:5    ✖  Expected empty line before  rule-empty-line-before
             rule
 426:5    ✖  Expected empty line before  rule-empty-line-before
             rule
 429:12   ✖  Expected no more than 1     max-empty-lines
             empty line
 438:14   ✖  Expected single colon       selector-pseudo-element-colon-notation
             pseudo-element notation
 456:1    ✖  Expected empty line before  rule-empty-line-before
             rule
 490:5    ✖  Expected empty line before  rule-empty-line-before
             rule
 511:5    ✖  Expected empty line before  rule-empty-line-before
             rule
 525:5    ✖  Expected empty line before  rule-empty-line-before
             rule

source/components/newsitem/style.scss
 32:130  ✖  Expected line length to be no more than 100         max-line-length
            characters

source/components/notice/style.scss
 56:147  ✖  Expected line length to   max-line-length
            be no more than 100
            characters
 63:13   ✖  Unexpected duplicate      declaration-block-no-duplicate-properties
            "border-left-color"

source/components/option/style.scss
 108:1  ✖  Expected no more than 1 empty line  max-empty-lines

source/components/paper/style.scss
 12:106  ✖  Expected line length to be no more than 100  max-line-length
            characters
 30:5    ✖  Expected empty line before rule              rule-empty-line-before

source/components/person/style.scss
 106:120  ✖  Expected line length to be no more than     max-line-length
             100 characters
 129:1    ✖  Expected empty line before rule             rule-empty-line-before
 130:5    ✖  Expected empty line before rule             rule-empty-line-before

source/components/product/style.scss
 136:6   ✖  Expected single colon        selector-pseudo-element-colon-notation
            pseudo-element notation
 137:18  ✖  Expected double quotes       string-quotes
 142:9   ✖  Expected empty line before   rule-empty-line-before
            rule
 142:10  ✖  Expected single colon        selector-pseudo-element-colon-notation
            pseudo-element notation
 148:9   ✖  Expected empty line before   rule-empty-line-before
            rule
 148:10  ✖  Expected single colon        selector-pseudo-element-colon-notation
            pseudo-element notation
 154:9   ✖  Expected empty line before   rule-empty-line-before
            rule
 154:10  ✖  Expected single colon        selector-pseudo-element-colon-notation
            pseudo-element notation
 165:26  ✖  Expected single colon        selector-pseudo-element-colon-notation
            pseudo-element notation
 166:26  ✖  Expected single colon        selector-pseudo-element-colon-notation
            pseudo-element notation
 173:26  ✖  Expected single colon        selector-pseudo-element-colon-notation
            pseudo-element notation
 174:26  ✖  Expected single colon        selector-pseudo-element-colon-notation
            pseudo-element notation
 181:26  ✖  Expected single colon        selector-pseudo-element-colon-notation
            pseudo-element notation
 182:26  ✖  Expected single colon        selector-pseudo-element-colon-notation
            pseudo-element notation
 199:9   ✖  Expected empty line before   rule-empty-line-before
            rule

source/components/scope/style.scss
 10:3  ✖  Expected indentation of 4 spaces  indentation

source/components/segment/style.scss
  50:9    ✖  Expected empty line before  rule-empty-line-before
             rule
 104:120  ✖  Expected line length to be  max-line-length
             no more than 100
             characters
 132:5    ✖  Expected empty line before  rule-empty-line-before
             rule
 155:5    ✖  Expected empty line before  rule-empty-line-before
             rule
 155:6    ✖  Expected single colon       selector-pseudo-element-colon-notation
             pseudo-element notation
 159:109  ✖  Expected line length to be  max-line-length
             no more than 100
             characters
 168:10   ✖  Expected single colon       selector-pseudo-element-colon-notation
             pseudo-element notation
 174:9    ✖  Expected empty line before  rule-empty-line-before
             rule
 174:10   ✖  Expected single colon       selector-pseudo-element-colon-notation
             pseudo-element notation

source/components/segment/text.scss
 12:3    ✖  Expected indentation of 4 spaces                    indentation
 16:3    ✖  Expected indentation of 4 spaces                    indentation
 19:118  ✖  Expected line length to be no more than 100         max-line-length
            characters
 21:3    ✖  Expected indentation of 4 spaces                    indentation
 22:3    ✖  Expected indentation of 4 spaces                    indentation
 23:5    ✖  Expected indentation of 8 spaces                    indentation
 24:3    ✖  Expected indentation of 4 spaces                    indentation
 26:3    ✖  Expected indentation of 4 spaces                    indentation
 27:5    ✖  Expected indentation of 8 spaces                    indentation
 28:3    ✖  Expected indentation of 4 spaces                    indentation
 31:121  ✖  Expected line length to be no more than 100         max-line-length
            characters
 33:3    ✖  Expected indentation of 4 spaces                    indentation
 34:3    ✖  Expected indentation of 4 spaces                    indentation
 35:5    ✖  Expected indentation of 8 spaces                    indentation
 36:3    ✖  Expected indentation of 4 spaces                    indentation
 38:3    ✖  Expected indentation of 4 spaces                    indentation
 39:5    ✖  Expected indentation of 8 spaces                    indentation
 40:3    ✖  Expected indentation of 4 spaces                    indentation
 43:121  ✖  Expected line length to be no more than 100         max-line-length
            characters
 45:3    ✖  Expected indentation of 4 spaces                    indentation
 46:3    ✖  Expected indentation of 4 spaces                    indentation
 47:5    ✖  Expected indentation of 8 spaces                    indentation
 48:3    ✖  Expected indentation of 4 spaces                    indentation
 50:3    ✖  Expected indentation of 4 spaces                    indentation
 51:5    ✖  Expected indentation of 8 spaces                    indentation
 52:3    ✖  Expected indentation of 4 spaces                    indentation
 55:118  ✖  Expected line length to be no more than 100         max-line-length
            characters
 57:3    ✖  Expected indentation of 4 spaces                    indentation
 58:3    ✖  Expected indentation of 4 spaces                    indentation
 59:5    ✖  Expected indentation of 8 spaces                    indentation
 60:3    ✖  Expected indentation of 4 spaces                    indentation
 62:3    ✖  Expected indentation of 4 spaces                    indentation
 63:5    ✖  Expected indentation of 8 spaces                    indentation
 64:3    ✖  Expected indentation of 4 spaces                    indentation
 69:3    ✖  Expected indentation of 4 spaces                    indentation
 70:3    ✖  Expected indentation of 4 spaces                    indentation
 71:5    ✖  Expected indentation of 8 spaces                    indentation
 72:3    ✖  Expected indentation of 4 spaces                    indentation
 74:3    ✖  Expected indentation of 4 spaces                    indentation
 75:5    ✖  Expected indentation of 8 spaces                    indentation
 76:3    ✖  Expected indentation of 4 spaces                    indentation

source/components/select/style.scss
  41:101  ✖  Expected line length to be no more than     max-line-length
             100 characters
  52:102  ✖  Expected line length to be no more than     max-line-length
             100 characters
  66:9    ✖  Expected empty line before rule             rule-empty-line-before
  80:5    ✖  Expected indentation of 8 spaces            indentation
  81:5    ✖  Expected indentation of 8 spaces            indentation
  82:5    ✖  Expected indentation of 8 spaces            indentation
  83:5    ✖  Expected indentation of 8 spaces            indentation
  84:5    ✖  Expected indentation of 8 spaces            indentation
  85:5    ✖  Expected indentation of 8 spaces            indentation
  86:5    ✖  Expected indentation of 8 spaces            indentation
  87:5    ✖  Expected indentation of 8 spaces            indentation
  88:5    ✖  Expected indentation of 8 spaces            indentation
  89:5    ✖  Expected indentation of 8 spaces            indentation
  90:5    ✖  Expected indentation of 8 spaces            indentation
  91:5    ✖  Expected indentation of 8 spaces            indentation
  93:5    ✖  Expected indentation of 8 spaces            indentation
  94:9    ✖  Expected indentation of 12 spaces           indentation
  95:9    ✖  Expected indentation of 12 spaces           indentation
  96:5    ✖  Expected indentation of 8 spaces            indentation
  98:5    ✖  Expected indentation of 8 spaces            indentation
  99:9    ✖  Expected indentation of 12 spaces           indentation
 100:5    ✖  Expected indentation of 8 spaces            indentation
 102:5    ✖  Expected indentation of 8 spaces            indentation
 103:9    ✖  Expected indentation of 12 spaces           indentation
 104:9    ✖  Expected indentation of 12 spaces           indentation
 105:5    ✖  Expected indentation of 8 spaces            indentation
 107:5    ✖  Expected indentation of 8 spaces            indentation
 108:9    ✖  Expected indentation of 12 spaces           indentation
 109:5    ✖  Expected indentation of 8 spaces            indentation
 110:1    ✖  Expected indentation of 4 spaces            indentation
 112:1    ✖  Expected indentation of 4 spaces            indentation
 113:5    ✖  Expected indentation of 8 spaces            indentation
 114:5    ✖  Expected indentation of 8 spaces            indentation
 115:5    ✖  Expected indentation of 8 spaces            indentation
 116:5    ✖  Expected indentation of 8 spaces            indentation
 117:5    ✖  Expected indentation of 8 spaces            indentation
 118:5    ✖  Expected indentation of 8 spaces            indentation
 119:5    ✖  Expected indentation of 8 spaces            indentation
 120:5    ✖  Expected indentation of 8 spaces            indentation
 121:5    ✖  Expected indentation of 8 spaces            indentation
 122:5    ✖  Expected indentation of 8 spaces            indentation
 123:5    ✖  Expected indentation of 8 spaces            indentation
 124:5    ✖  Expected indentation of 8 spaces            indentation
 126:5    ✖  Expected indentation of 8 spaces            indentation
 127:9    ✖  Expected indentation of 12 spaces           indentation
 128:5    ✖  Expected indentation of 8 spaces            indentation
 130:5    ✖  Expected indentation of 8 spaces            indentation
 131:9    ✖  Expected indentation of 12 spaces           indentation
 131:103  ✖  Expected line length to be no more than     max-line-length
             100 characters
 132:5    ✖  Expected indentation of 8 spaces            indentation
 134:5    ✖  Expected indentation of 8 spaces            indentation
 135:9    ✖  Expected indentation of 12 spaces           indentation
 136:5    ✖  Expected indentation of 8 spaces            indentation
 137:1    ✖  Expected indentation of 4 spaces            indentation
 139:1    ✖  Expected indentation of 4 spaces            indentation
 140:5    ✖  Expected empty line before rule             rule-empty-line-before
 140:5    ✖  Expected indentation of 8 spaces            indentation
 141:9    ✖  Expected indentation of 12 spaces           indentation
 142:9    ✖  Expected indentation of 12 spaces           indentation
 143:9    ✖  Expected indentation of 12 spaces           indentation
 144:5    ✖  Expected indentation of 8 spaces            indentation
 146:5    ✖  Expected indentation of 8 spaces            indentation
 147:9    ✖  Expected indentation of 12 spaces           indentation
 148:5    ✖  Expected indentation of 8 spaces            indentation
 150:5    ✖  Expected indentation of 8 spaces            indentation
 151:9    ✖  Expected empty line before rule             rule-empty-line-before
 151:9    ✖  Expected indentation of 12 spaces           indentation
 152:13   ✖  Expected indentation of 16 spaces           indentation
 153:9    ✖  Expected indentation of 12 spaces           indentation
 154:5    ✖  Expected indentation of 8 spaces            indentation
 155:1    ✖  Expected indentation of 4 spaces            indentation
 157:1    ✖  Expected indentation of 4 spaces            indentation
 159:5    ✖  Expected indentation of 8 spaces            indentation
 160:9    ✖  Expected indentation of 12 spaces           indentation
 161:5    ✖  Expected indentation of 8 spaces            indentation
 163:5    ✖  Expected indentation of 8 spaces            indentation
 164:9    ✖  Expected indentation of 12 spaces           indentation
 165:9    ✖  Expected indentation of 12 spaces           indentation
 166:5    ✖  Expected indentation of 8 spaces            indentation
 167:1    ✖  Expected indentation of 4 spaces            indentation
 169:1    ✖  Expected indentation of 4 spaces            indentation
 170:1    ✖  Expected indentation of 4 spaces            indentation
 172:5    ✖  Expected indentation of 8 spaces            indentation
 173:5    ✖  Expected indentation of 8 spaces            indentation
 174:9    ✖  Expected indentation of 12 spaces           indentation
 175:9    ✖  Expected indentation of 12 spaces           indentation
 176:9    ✖  Expected indentation of 12 spaces           indentation
 177:5    ✖  Expected indentation of 8 spaces            indentation
 179:5    ✖  Expected indentation of 8 spaces            indentation
 180:9    ✖  Expected indentation of 12 spaces           indentation
 181:5    ✖  Expected indentation of 8 spaces            indentation
 183:5    ✖  Expected indentation of 8 spaces            indentation
 184:1    ✖  Expected indentation of 8 spaces            indentation
 186:1    ✖  Expected indentation of 8 spaces            indentation
 187:5    ✖  Expected indentation of 12 spaces           indentation
 188:1    ✖  Expected indentation of 8 spaces            indentation
 189:1    ✖  Expected indentation of 4 spaces            indentation
 191:1    ✖  Expected indentation of 4 spaces            indentation
 193:5    ✖  Expected indentation of 8 spaces            indentation
 194:5    ✖  Expected indentation of 8 spaces            indentation
 195:9    ✖  Expected indentation of 12 spaces           indentation
 196:9    ✖  Expected indentation of 12 spaces           indentation
 197:9    ✖  Expected indentation of 12 spaces           indentation
 198:5    ✖  Expected indentation of 8 spaces            indentation
 200:5    ✖  Expected indentation of 8 spaces            indentation
 201:9    ✖  Expected indentation of 12 spaces           indentation
 202:5    ✖  Expected indentation of 8 spaces            indentation
 204:5    ✖  Expected indentation of 8 spaces            indentation
 205:1    ✖  Expected indentation of 8 spaces            indentation
 207:1    ✖  Expected indentation of 8 spaces            indentation
 208:5    ✖  Expected indentation of 12 spaces           indentation
 209:1    ✖  Expected indentation of 8 spaces            indentation
 210:1    ✖  Expected indentation of 4 spaces            indentation
 212:1    ✖  Expected indentation of 4 spaces            indentation
 214:5    ✖  Expected indentation of 8 spaces            indentation
 215:5    ✖  Expected indentation of 8 spaces            indentation
 216:9    ✖  Expected indentation of 12 spaces           indentation
 217:9    ✖  Expected indentation of 12 spaces           indentation
 218:9    ✖  Expected indentation of 12 spaces           indentation
 219:5    ✖  Expected indentation of 8 spaces            indentation
 221:5    ✖  Expected indentation of 8 spaces            indentation
 222:9    ✖  Expected indentation of 12 spaces           indentation
 223:5    ✖  Expected indentation of 8 spaces            indentation
 225:5    ✖  Expected indentation of 8 spaces            indentation
 226:1    ✖  Expected indentation of 8 spaces            indentation
 228:1    ✖  Expected indentation of 8 spaces            indentation
 229:5    ✖  Expected indentation of 12 spaces           indentation
 230:1    ✖  Expected indentation of 8 spaces            indentation
 231:1    ✖  Expected indentation of 4 spaces            indentation
 233:1    ✖  Expected indentation of 4 spaces            indentation
 234:5    ✖  Expected indentation of 8 spaces            indentation
 235:1    ✖  Expected indentation of 4 spaces            indentation
 237:1    ✖  Expected indentation of 4 spaces            indentation
 238:5    ✖  Expected indentation of 8 spaces            indentation
 239:5    ✖  Expected indentation of 8 spaces            indentation
 240:5    ✖  Expected indentation of 8 spaces            indentation
 241:5    ✖  Expected indentation of 8 spaces            indentation
 242:5    ✖  Expected indentation of 8 spaces            indentation
 243:5    ✖  Expected indentation of 8 spaces            indentation
 244:5    ✖  Expected indentation of 8 spaces            indentation
 245:5    ✖  Expected indentation of 8 spaces            indentation
 245:129  ✖  Expected line length to be no more than     max-line-length
             100 characters
 246:5    ✖  Expected indentation of 8 spaces            indentation
 248:5    ✖  Expected indentation of 8 spaces            indentation
 249:9    ✖  Expected indentation of 12 spaces           indentation
 250:9    ✖  Expected indentation of 12 spaces           indentation
 251:5    ✖  Expected indentation of 8 spaces            indentation
 253:5    ✖  Expected indentation of 8 spaces            indentation
 254:9    ✖  Expected indentation of 12 spaces           indentation
 255:9    ✖  Expected indentation of 12 spaces           indentation
 256:5    ✖  Expected indentation of 8 spaces            indentation
 257:1    ✖  Expected indentation of 4 spaces            indentation
 259:1    ✖  Expected indentation of 4 spaces            indentation
 260:5    ✖  Expected indentation of 8 spaces            indentation
 261:5    ✖  Expected indentation of 8 spaces            indentation
 263:5    ✖  Expected indentation of 8 spaces            indentation
 264:9    ✖  Expected indentation of 12 spaces           indentation
 265:5    ✖  Expected indentation of 8 spaces            indentation
 266:1    ✖  Expected indentation of 4 spaces            indentation
 268:1    ✖  Expected indentation of 4 spaces            indentation
 269:1    ✖  Expected empty line before rule             rule-empty-line-before
 269:1    ✖  Expected indentation of 4 spaces            indentation
 270:5    ✖  Expected indentation of 8 spaces            indentation
 272:9    ✖  Expected indentation of 12 spaces           indentation
 273:9    ✖  Expected indentation of 12 spaces           indentation
 274:9    ✖  Expected indentation of 12 spaces           indentation
 275:13   ✖  Expected indentation of 16 spaces           indentation
 276:9    ✖  Expected indentation of 12 spaces           indentation
 277:5    ✖  Expected indentation of 8 spaces            indentation
 279:5    ✖  Expected indentation of 8 spaces            indentation
 280:9    ✖  Expected indentation of 12 spaces           indentation
 281:5    ✖  Expected indentation of 8 spaces            indentation
 282:1    ✖  Expected indentation of 4 spaces            indentation
 284:1    ✖  Expected indentation of 4 spaces            indentation
 285:5    ✖  Expected indentation of 8 spaces            indentation
 287:9    ✖  Expected indentation of 12 spaces           indentation
 288:9    ✖  Expected indentation of 12 spaces           indentation
 289:9    ✖  Expected indentation of 12 spaces           indentation
 290:13   ✖  Expected indentation of 16 spaces           indentation
 291:9    ✖  Expected indentation of 12 spaces           indentation
 292:5    ✖  Expected indentation of 8 spaces            indentation
 294:5    ✖  Expected indentation of 8 spaces            indentation
 295:9    ✖  Expected indentation of 12 spaces           indentation
 296:5    ✖  Expected indentation of 8 spaces            indentation
 297:1    ✖  Expected indentation of 4 spaces            indentation
 299:1    ✖  Expected indentation of 4 spaces            indentation
 301:5    ✖  Expected indentation of 8 spaces            indentation
 302:9    ✖  Expected indentation of 12 spaces           indentation
 303:9    ✖  Expected indentation of 12 spaces           indentation
 304:9    ✖  Expected indentation of 12 spaces           indentation
 305:9    ✖  Expected indentation of 12 spaces           indentation
 306:9    ✖  Expected indentation of 12 spaces           indentation
 307:5    ✖  Expected indentation of 8 spaces            indentation
 309:5    ✖  Expected indentation of 8 spaces            indentation
 310:9    ✖  Expected indentation of 12 spaces           indentation
 311:13   ✖  Expected indentation of 16 spaces           indentation
 312:9    ✖  Expected indentation of 12 spaces           indentation
 314:9    ✖  Expected indentation of 12 spaces           indentation
 315:13   ✖  Expected indentation of 16 spaces           indentation
 316:9    ✖  Expected indentation of 12 spaces           indentation
 317:5    ✖  Expected indentation of 8 spaces            indentation
 318:1    ✖  Expected indentation of 4 spaces            indentation
 320:1    ✖  Expected indentation of 4 spaces            indentation
 321:5    ✖  Expected indentation of 8 spaces            indentation
 322:5    ✖  Expected indentation of 8 spaces            indentation
 323:5    ✖  Expected indentation of 8 spaces            indentation
 324:5    ✖  Expected indentation of 8 spaces            indentation
 325:5    ✖  Expected indentation of 8 spaces            indentation
 326:5    ✖  Expected indentation of 8 spaces            indentation
 327:5    ✖  Expected indentation of 8 spaces            indentation
 328:5    ✖  Expected indentation of 8 spaces            indentation
 329:5    ✖  Expected indentation of 8 spaces            indentation
 330:5    ✖  Expected indentation of 8 spaces            indentation
 331:5    ✖  Expected indentation of 8 spaces            indentation
 332:1    ✖  Expected indentation of 4 spaces            indentation
 334:1    ✖  Expected indentation of 4 spaces            indentation
 335:5    ✖  Expected indentation of 8 spaces            indentation
 336:5    ✖  Expected indentation of 8 spaces            indentation
 337:5    ✖  Expected indentation of 8 spaces            indentation
 338:5    ✖  Expected indentation of 8 spaces            indentation
 339:5    ✖  Expected indentation of 8 spaces            indentation
 340:5    ✖  Expected indentation of 8 spaces            indentation
 341:5    ✖  Expected indentation of 8 spaces            indentation
 343:5    ✖  Expected indentation of 8 spaces            indentation
 344:9    ✖  Expected indentation of 12 spaces           indentation
 345:5    ✖  Expected indentation of 8 spaces            indentation
 347:5    ✖  Expected indentation of 8 spaces            indentation
 348:9    ✖  Expected indentation of 12 spaces           indentation
 349:5    ✖  Expected indentation of 8 spaces            indentation
 351:5    ✖  Expected indentation of 8 spaces            indentation
 352:9    ✖  Expected indentation of 12 spaces           indentation
 353:5    ✖  Expected indentation of 8 spaces            indentation
 355:5    ✖  Expected indentation of 8 spaces            indentation
 356:9    ✖  Expected indentation of 12 spaces           indentation
 357:13   ✖  Expected indentation of 16 spaces           indentation
 358:9    ✖  Expected indentation of 12 spaces           indentation
 360:9    ✖  Expected indentation of 12 spaces           indentation
 361:13   ✖  Expected indentation of 16 spaces           indentation
 362:9    ✖  Expected indentation of 12 spaces           indentation
 363:5    ✖  Expected indentation of 8 spaces            indentation
 365:5    ✖  Expected indentation of 8 spaces            indentation
 366:9    ✖  Expected indentation of 12 spaces           indentation
 367:5    ✖  Expected indentation of 8 spaces            indentation
 368:1    ✖  Expected indentation of 4 spaces            indentation
 370:1    ✖  Expected indentation of 4 spaces            indentation
 371:5    ✖  Expected indentation of 8 spaces            indentation
 372:9    ✖  Expected indentation of 12 spaces           indentation
 373:5    ✖  Expected indentation of 8 spaces            indentation
 375:5    ✖  Expected indentation of 8 spaces            indentation
 376:9    ✖  Expected indentation of 12 spaces           indentation
 377:5    ✖  Expected indentation of 8 spaces            indentation
 379:5    ✖  Expected indentation of 8 spaces            indentation
 381:9    ✖  Expected indentation of 12 spaces           indentation
 382:9    ✖  Expected indentation of 12 spaces           indentation
 383:13   ✖  Expected indentation of 16 spaces           indentation
 384:9    ✖  Expected indentation of 12 spaces           indentation
 385:5    ✖  Expected indentation of 8 spaces            indentation
 386:1    ✖  Expected indentation of 4 spaces            indentation
 391:5    ✖  Expected empty line before rule             rule-empty-line-before
 404:5    ✖  Expected empty line before rule             rule-empty-line-before
 416:5    ✖  Expected empty line before rule             rule-empty-line-before
 426:5    ✖  Expected empty line before rule             rule-empty-line-before

source/components/slider/slider-item.scss
  29:162  ✖  Expected line length to  max-line-length
             be no more than 100
             characters
  81:5    ✖  Expected empty line      rule-empty-line-before
             before rule
 113:24   ✖  Expected single colon    selector-pseudo-element-colon-notation
             pseudo-element notation
 114:25   ✖  Expected single colon    selector-pseudo-element-colon-notation
             pseudo-element notation
 115:22   ✖  Expected double quotes   string-quotes
 125:24   ✖  Expected single colon    selector-pseudo-element-colon-notation
             pseudo-element notation
 145:9    ✖  Expected empty line      rule-empty-line-before
             before rule
 152:44   ✖  Unexpected whitespace    no-eol-whitespace
             at end of line
 234:9    ✖  Unexpected duplicate     declaration-block-no-duplicate-properties
             "width"
 249:5    ✖  Expected empty line      rule-empty-line-before
             before rule

source/components/slider/style.scss
  19:164  ✖  Expected line length to be no more than     max-line-length
             100 characters
  44:9    ✖  Expected empty line before rule             rule-empty-line-before
 106:9    ✖  Expected empty line before rule             rule-empty-line-before
 146:9    ✖  Expected empty line before rule             rule-empty-line-before
 152:5    ✖  Expected empty line before rule             rule-empty-line-before
 153:9    ✖  Expected empty line before rule             rule-empty-line-before
 166:9    ✖  Expected empty line before rule             rule-empty-line-before
 183:5    ✖  Expected empty line before rule             rule-empty-line-before
 194:13   ✖  Expected empty line before rule             rule-empty-line-before
 212:13   ✖  Expected empty line before rule             rule-empty-line-before
 231:9    ✖  Expected empty line before rule             rule-empty-line-before
 232:13   ✖  Expected empty line before rule             rule-empty-line-before
 246:5    ✖  Expected empty line before rule             rule-empty-line-before

source/components/table/style.scss
  12:130  ✖  Expected line length to be no more than     max-line-length
             100 characters
 137:5    ✖  Expected empty line before rule             rule-empty-line-before
 171:9    ✖  Expected empty line before rule             rule-empty-line-before

source/components/tabs/style.scss
 13:126  ✖  Expected line length to be no more than 100         max-line-length
            characters

source/components/testimonials/style.scss
  12:5   ✖  Expected empty line before rule  rule-empty-line-before
  44:9   ✖  Expected empty line before rule  rule-empty-line-before
  45:13  ✖  Expected empty line before rule  rule-empty-line-before
  73:5   ✖  Expected empty line before rule  rule-empty-line-before
  80:5   ✖  Expected empty line before rule  rule-empty-line-before
  81:9   ✖  Expected empty line before rule  rule-empty-line-before
 113:13  ✖  Expected empty line before rule  rule-empty-line-before
 114:17  ✖  Expected empty line before rule  rule-empty-line-before

source/components/tags/style.scss
 21:107  ✖  Expected line length to be no more than 100         max-line-length
            characters

source/components/timeline/style.scss
   5:3    ✖  Expected indentation of 4   indentation
             spaces
   6:3    ✖  Expected indentation of 4   indentation
             spaces
  14:3    ✖  Expected indentation of 4   indentation
             spaces
  15:3    ✖  Expected indentation of 4   indentation
             spaces
  16:3    ✖  Expected indentation of 4   indentation
             spaces
  17:3    ✖  Expected indentation of 4   indentation
             spaces
  18:3    ✖  Expected indentation of 4   indentation
             spaces
  19:3    ✖  Expected indentation of 4   indentation
             spaces
  20:3    ✖  Expected indentation of 4   indentation
             spaces
  21:3    ✖  Expected indentation of 4   indentation
             spaces
  21:103  ✖  Expected line length to be  max-line-length
             no more than 100
             characters
  22:3    ✖  Expected indentation of 4   indentation
             spaces
  23:3    ✖  Expected indentation of 4   indentation
             spaces
  24:3    ✖  Expected indentation of 4   indentation
             spaces
  25:3    ✖  Expected indentation of 4   indentation
             spaces
  26:3    ✖  Expected indentation of 4   indentation
             spaces
  26:106  ✖  Expected line length to be  max-line-length
             no more than 100
             characters
  27:3    ✖  Expected indentation of 4   indentation
             spaces
  28:3    ✖  Expected indentation of 4   indentation
             spaces
  29:3    ✖  Expected indentation of 4   indentation
             spaces
  30:3    ✖  Expected indentation of 4   indentation
             spaces
  31:3    ✖  Expected indentation of 4   indentation
             spaces
  33:3    ✖  Expected indentation of 4   indentation
             spaces
  34:3    ✖  Expected indentation of 4   indentation
             spaces
  35:3    ✖  Expected indentation of 4   indentation
             spaces
  36:3    ✖  Expected indentation of 4   indentation
             spaces
  37:3    ✖  Expected indentation of 4   indentation
             spaces
  38:3    ✖  Expected indentation of 4   indentation
             spaces
  40:3    ✖  Expected indentation of 4   indentation
             spaces
  40:4    ✖  Expected single colon       selector-pseudo-element-colon-notation
             pseudo-element notation
  41:5    ✖  Expected indentation of 8   indentation
             spaces
  42:5    ✖  Expected indentation of 8   indentation
             spaces
  43:5    ✖  Expected indentation of 8   indentation
             spaces
  44:5    ✖  Expected indentation of 8   indentation
             spaces
  45:5    ✖  Expected indentation of 8   indentation
             spaces
  46:5    ✖  Expected indentation of 8   indentation
             spaces
  47:5    ✖  Expected indentation of 8   indentation
             spaces
  48:5    ✖  Expected indentation of 8   indentation
             spaces
  49:5    ✖  Expected indentation of 8   indentation
             spaces
  50:3    ✖  Expected indentation of 4   indentation
             spaces
  52:3    ✖  Expected indentation of 4   indentation
             spaces
  53:5    ✖  Expected indentation of 8   indentation
             spaces
  54:5    ✖  Expected indentation of 8   indentation
             spaces
  55:5    ✖  Expected indentation of 8   indentation
             spaces
  56:5    ✖  Expected indentation of 8   indentation
             spaces
  57:5    ✖  Expected indentation of 8   indentation
             spaces
  58:5    ✖  Expected indentation of 8   indentation
             spaces
  59:5    ✖  Expected indentation of 8   indentation
             spaces
  60:5    ✖  Expected indentation of 8   indentation
             spaces
  61:3    ✖  Expected indentation of 4   indentation
             spaces
  63:3    ✖  Expected indentation of 4   indentation
             spaces
  64:5    ✖  Expected indentation of 8   indentation
             spaces
  65:5    ✖  Expected indentation of 8   indentation
             spaces
  66:5    ✖  Expected indentation of 8   indentation
             spaces
  67:5    ✖  Expected indentation of 8   indentation
             spaces
  68:5    ✖  Expected indentation of 8   indentation
             spaces
  69:5    ✖  Expected indentation of 8   indentation
             spaces
  70:5    ✖  Expected indentation of 8   indentation
             spaces
  71:5    ✖  Expected indentation of 8   indentation
             spaces
  71:109  ✖  Expected line length to be  max-line-length
             no more than 100
             characters
  72:5    ✖  Expected indentation of 8   indentation
             spaces
  73:5    ✖  Expected indentation of 8   indentation
             spaces
  74:5    ✖  Expected indentation of 8   indentation
             spaces
  75:5    ✖  Expected indentation of 8   indentation
             spaces
  76:5    ✖  Expected indentation of 8   indentation
             spaces
  77:5    ✖  Expected indentation of 8   indentation
             spaces
  78:5    ✖  Expected indentation of 8   indentation
             spaces
  79:5    ✖  Expected indentation of 8   indentation
             spaces
  80:5    ✖  Expected indentation of 8   indentation
             spaces
  81:5    ✖  Expected indentation of 8   indentation
             spaces
  82:3    ✖  Expected indentation of 4   indentation
             spaces
  84:3    ✖  Expected indentation of 4   indentation
             spaces
  85:5    ✖  Expected indentation of 8   indentation
             spaces
  86:5    ✖  Expected indentation of 8   indentation
             spaces
  87:5    ✖  Expected indentation of 8   indentation
             spaces
  88:5    ✖  Expected indentation of 8   indentation
             spaces
  89:5    ✖  Expected indentation of 8   indentation
             spaces
  90:5    ✖  Expected indentation of 8   indentation
             spaces
  91:5    ✖  Expected indentation of 8   indentation
             spaces
  93:5    ✖  Expected indentation of 8   indentation
             spaces
  93:6    ✖  Expected single colon       selector-pseudo-element-colon-notation
             pseudo-element notation
  94:7    ✖  Expected indentation of 12  indentation
             spaces
  95:7    ✖  Expected indentation of 12  indentation
             spaces
  96:7    ✖  Expected indentation of 12  indentation
             spaces
  97:7    ✖  Expected indentation of 12  indentation
             spaces
  98:7    ✖  Expected indentation of 12  indentation
             spaces
  99:7    ✖  Expected indentation of 12  indentation
             spaces
 100:7    ✖  Expected indentation of 12  indentation
             spaces
 101:7    ✖  Expected indentation of 12  indentation
             spaces
 102:5    ✖  Expected indentation of 8   indentation
             spaces
 104:5    ✖  Expected indentation of 8   indentation
             spaces
 105:7    ✖  Expected indentation of 12  indentation
             spaces
 106:5    ✖  Expected indentation of 8   indentation
             spaces
 107:3    ✖  Expected indentation of 4   indentation
             spaces
 109:3    ✖  Expected indentation of 4   indentation
             spaces
 110:5    ✖  Expected indentation of 8   indentation
             spaces
 111:5    ✖  Expected indentation of 8   indentation
             spaces
 112:5    ✖  Expected indentation of 8   indentation
             spaces
 113:5    ✖  Expected indentation of 8   indentation
             spaces
 114:5    ✖  Expected indentation of 8   indentation
             spaces
 115:5    ✖  Expected indentation of 8   indentation
             spaces
 116:5    ✖  Expected indentation of 8   indentation
             spaces
 117:5    ✖  Expected indentation of 8   indentation
             spaces
 118:5    ✖  Expected indentation of 8   indentation
             spaces
 120:5    ✖  Expected indentation of 8   indentation
             spaces
 121:7    ✖  Expected indentation of 12  indentation
             spaces
 122:5    ✖  Expected indentation of 8   indentation
             spaces
 124:5    ✖  Expected indentation of 8   indentation
             spaces
 124:6    ✖  Expected single colon       selector-pseudo-element-colon-notation
             pseudo-element notation
 125:7    ✖  Expected indentation of 12  indentation
             spaces
 126:7    ✖  Expected indentation of 12  indentation
             spaces
 127:7    ✖  Expected indentation of 12  indentation
             spaces
 128:7    ✖  Expected indentation of 12  indentation
             spaces
 129:7    ✖  Expected indentation of 12  indentation
             spaces
 130:7    ✖  Expected indentation of 12  indentation
             spaces
 131:7    ✖  Expected indentation of 12  indentation
             spaces
 132:7    ✖  Expected indentation of 12  indentation
             spaces
 133:7    ✖  Expected indentation of 12  indentation
             spaces
 134:7    ✖  Expected indentation of 12  indentation
             spaces
 135:7    ✖  Expected indentation of 12  indentation
             spaces
 136:5    ✖  Expected indentation of 8   indentation
             spaces
 138:5    ✖  Expected indentation of 8   indentation
             spaces
 138:19   ✖  Expected single colon       selector-pseudo-element-colon-notation
             pseudo-element notation
 139:5    ✖  Expected indentation of 8   indentation
             spaces
 139:19   ✖  Expected single colon       selector-pseudo-element-colon-notation
             pseudo-element notation
 140:7    ✖  Expected indentation of 12  indentation
             spaces
 141:5    ✖  Expected indentation of 8   indentation
             spaces
 142:3    ✖  Expected indentation of 4   indentation
             spaces
 144:3    ✖  Expected indentation of 4   indentation
             spaces
 145:5    ✖  Expected indentation of 8   indentation
             spaces
 146:7    ✖  Expected indentation of 12  indentation
             spaces
 147:7    ✖  Expected indentation of 12  indentation
             spaces
 148:7    ✖  Expected indentation of 12  indentation
             spaces
 149:5    ✖  Expected indentation of 8   indentation
             spaces
 151:5    ✖  Expected indentation of 8   indentation
             spaces
 152:7    ✖  Expected indentation of 12  indentation
             spaces
 153:7    ✖  Expected indentation of 12  indentation
             spaces
 154:7    ✖  Expected indentation of 12  indentation
             spaces
 156:7    ✖  Expected indentation of 12  indentation
             spaces
 156:8    ✖  Expected single colon       selector-pseudo-element-colon-notation
             pseudo-element notation
 157:9    ✖  Expected indentation of 16  indentation
             spaces
 158:9    ✖  Expected indentation of 16  indentation
             spaces
 159:7    ✖  Expected indentation of 12  indentation
             spaces
 160:5    ✖  Expected indentation of 8   indentation
             spaces
 161:3    ✖  Expected indentation of 4   indentation
             spaces
 163:3    ✖  Expected indentation of 4   indentation
             spaces
 164:5    ✖  Expected indentation of 8   indentation
             spaces
 165:7    ✖  Expected indentation of 12  indentation
             spaces
 166:5    ✖  Expected indentation of 8   indentation
             spaces
 168:5    ✖  Expected indentation of 8   indentation
             spaces
 169:5    ✖  Expected indentation of 8   indentation
             spaces
 170:7    ✖  Expected indentation of 12  indentation
             spaces
 171:5    ✖  Expected indentation of 8   indentation
             spaces
 173:5    ✖  Expected indentation of 8   indentation
             spaces
 174:7    ✖  Expected indentation of 12  indentation
             spaces
 175:7    ✖  Expected indentation of 12  indentation
             spaces
 176:7    ✖  Expected indentation of 12  indentation
             spaces
 177:7    ✖  Expected indentation of 12  indentation
             spaces
 179:7    ✖  Expected indentation of 12  indentation
             spaces
 179:8    ✖  Expected single colon       selector-pseudo-element-colon-notation
             pseudo-element notation
 180:9    ✖  Expected indentation of 16  indentation
             spaces
 181:9    ✖  Expected indentation of 16  indentation
             spaces
 182:7    ✖  Expected indentation of 12  indentation
             spaces
 183:5    ✖  Expected indentation of 8   indentation
             spaces
 184:3    ✖  Expected indentation of 4   indentation
             spaces
 186:3    ✖  Expected indentation of 4   indentation
             spaces
 187:5    ✖  Expected empty line before  rule-empty-line-before
             rule
 187:5    ✖  Expected indentation of 8   indentation
             spaces
 187:6    ✖  Expected single colon       selector-pseudo-element-colon-notation
             pseudo-element notation
 188:7    ✖  Expected indentation of 12  indentation
             spaces
 189:7    ✖  Expected indentation of 12  indentation
             spaces
 190:5    ✖  Expected indentation of 8   indentation
             spaces
 192:5    ✖  Expected indentation of 8   indentation
             spaces
 193:7    ✖  Expected indentation of 12  indentation
             spaces
 194:7    ✖  Expected indentation of 12  indentation
             spaces
 195:5    ✖  Expected indentation of 8   indentation
             spaces
 197:5    ✖  Expected indentation of 8   indentation
             spaces
 198:7    ✖  Expected indentation of 12  indentation
             spaces
 199:7    ✖  Expected indentation of 12  indentation
             spaces
 200:7    ✖  Expected indentation of 12  indentation
             spaces
 201:5    ✖  Expected indentation of 8   indentation
             spaces
 203:5    ✖  Expected indentation of 8   indentation
             spaces
 204:7    ✖  Expected indentation of 12  indentation
             spaces
 205:7    ✖  Expected indentation of 12  indentation
             spaces
 206:7    ✖  Expected indentation of 12  indentation
             spaces
 207:7    ✖  Expected indentation of 12  indentation
             spaces
 208:7    ✖  Expected indentation of 12  indentation
             spaces
 210:7    ✖  Expected indentation of 12  indentation
             spaces
 210:8    ✖  Expected single colon       selector-pseudo-element-colon-notation
             pseudo-element notation
 211:9    ✖  Expected indentation of 16  indentation
             spaces
 212:9    ✖  Expected indentation of 16  indentation
             spaces
 213:7    ✖  Expected indentation of 12  indentation
             spaces
 214:5    ✖  Expected indentation of 8   indentation
             spaces
 216:5    ✖  Expected indentation of 8   indentation
             spaces
 217:7    ✖  Expected indentation of 12  indentation
             spaces
 218:9    ✖  Expected indentation of 16  indentation
             spaces
 219:9    ✖  Expected indentation of 16  indentation
             spaces
 220:7    ✖  Expected indentation of 12  indentation
             spaces
 221:5    ✖  Expected indentation of 8   indentation
             spaces
 222:3    ✖  Expected indentation of 4   indentation
             spaces
 224:3    ✖  Expected indentation of 4   indentation
             spaces
 225:5    ✖  Expected indentation of 8   indentation
             spaces
 226:5    ✖  Expected indentation of 8   indentation
             spaces
 227:5    ✖  Expected indentation of 8   indentation
             spaces
 229:5    ✖  Expected indentation of 8   indentation
             spaces
 229:6    ✖  Expected single colon       selector-pseudo-element-colon-notation
             pseudo-element notation
 230:7    ✖  Expected indentation of 12  indentation
             spaces
 231:7    ✖  Expected indentation of 12  indentation
             spaces
 232:5    ✖  Expected indentation of 8   indentation
             spaces
 234:5    ✖  Expected indentation of 8   indentation
             spaces
 235:7    ✖  Expected indentation of 12  indentation
             spaces
 236:7    ✖  Expected indentation of 12  indentation
             spaces
 237:7    ✖  Expected indentation of 12  indentation
             spaces
 238:5    ✖  Expected indentation of 8   indentation
             spaces
 240:5    ✖  Expected indentation of 8   indentation
             spaces
 241:7    ✖  Expected indentation of 12  indentation
             spaces
 242:7    ✖  Expected indentation of 12  indentation
             spaces
 243:7    ✖  Expected indentation of 12  indentation
             spaces
 244:7    ✖  Expected indentation of 12  indentation
             spaces
 246:7    ✖  Expected indentation of 12  indentation
             spaces
 247:9    ✖  Expected indentation of 16  indentation
             spaces
 248:9    ✖  Expected indentation of 16  indentation
             spaces
 249:9    ✖  Expected indentation of 16  indentation
             spaces
 250:9    ✖  Expected indentation of 16  indentation
             spaces
 251:9    ✖  Expected indentation of 16  indentation
             spaces
 252:9    ✖  Expected indentation of 16  indentation
             spaces
 253:9    ✖  Expected indentation of 16  indentation
             spaces
 254:9    ✖  Expected indentation of 16  indentation
             spaces
 254:117  ✖  Expected line length to be  max-line-length
             no more than 100
             characters
 255:9    ✖  Expected indentation of 16  indentation
             spaces
 256:9    ✖  Expected indentation of 16  indentation
             spaces
 258:9    ✖  Expected indentation of 16  indentation
             spaces
 258:10   ✖  Expected single colon       selector-pseudo-element-colon-notation
             pseudo-element notation
 259:11   ✖  Expected indentation of 20  indentation
             spaces
 260:11   ✖  Expected indentation of 20  indentation
             spaces
 261:11   ✖  Expected indentation of 20  indentation
             spaces
 262:11   ✖  Expected indentation of 20  indentation
             spaces
 263:11   ✖  Expected indentation of 20  indentation
             spaces
 264:11   ✖  Expected indentation of 20  indentation
             spaces
 265:11   ✖  Expected indentation of 20  indentation
             spaces
 266:11   ✖  Expected indentation of 20  indentation
             spaces
 267:11   ✖  Expected indentation of 20  indentation
             spaces
 268:11   ✖  Expected indentation of 20  indentation
             spaces
 269:11   ✖  Expected indentation of 20  indentation
             spaces
 270:9    ✖  Expected indentation of 16  indentation
             spaces
 271:7    ✖  Expected indentation of 12  indentation
             spaces
 272:5    ✖  Expected indentation of 8   indentation
             spaces
 274:5    ✖  Expected indentation of 8   indentation
             spaces
 275:7    ✖  Expected indentation of 12  indentation
             spaces
 276:5    ✖  Expected indentation of 8   indentation
             spaces
 278:5    ✖  Expected indentation of 8   indentation
             spaces
 279:5    ✖  Expected indentation of 8   indentation
             spaces
 280:7    ✖  Expected indentation of 12  indentation
             spaces
 281:7    ✖  Expected indentation of 12  indentation
             spaces
 282:7    ✖  Expected indentation of 12  indentation
             spaces
 283:7    ✖  Expected indentation of 12  indentation
             spaces
 284:7    ✖  Expected indentation of 12  indentation
             spaces
 286:7    ✖  Expected indentation of 12  indentation
             spaces
 286:8    ✖  Expected single colon       selector-pseudo-element-colon-notation
             pseudo-element notation
 287:9    ✖  Expected indentation of 16  indentation
             spaces
 288:7    ✖  Expected indentation of 12  indentation
             spaces
 289:5    ✖  Expected indentation of 8   indentation
             spaces
 291:5    ✖  Expected indentation of 8   indentation
             spaces
 293:7    ✖  Expected indentation of 12  indentation
             spaces
 294:7    ✖  Expected indentation of 12  indentation
             spaces
 295:9    ✖  Expected indentation of 16  indentation
             spaces
 297:9    ✖  Expected indentation of 16  indentation
             spaces
 297:10   ✖  Expected single colon       selector-pseudo-element-colon-notation
             pseudo-element notation
 298:11   ✖  Expected indentation of 20  indentation
             spaces
 299:11   ✖  Expected indentation of 20  indentation
             spaces
 300:11   ✖  Expected indentation of 20  indentation
             spaces
 301:11   ✖  Expected indentation of 20  indentation
             spaces
 302:11   ✖  Expected indentation of 20  indentation
             spaces
 303:9    ✖  Expected indentation of 16  indentation
             spaces
 304:7    ✖  Expected indentation of 12  indentation
             spaces
 305:5    ✖  Expected indentation of 8   indentation
             spaces
 306:3    ✖  Expected indentation of 4   indentation
             spaces

source/components/toast/style.scss
 10:3   ✖  Expected indentation of 4 spaces   indentation
 11:3   ✖  Expected indentation of 4 spaces   indentation
 12:3   ✖  Expected indentation of 4 spaces   indentation
 13:3   ✖  Expected indentation of 4 spaces   indentation
 14:3   ✖  Expected indentation of 4 spaces   indentation
 16:3   ✖  Expected indentation of 4 spaces   indentation
 17:5   ✖  Expected indentation of 8 spaces   indentation
 18:5   ✖  Expected indentation of 8 spaces   indentation
 19:3   ✖  Expected indentation of 4 spaces   indentation
 21:3   ✖  Expected indentation of 4 spaces   indentation
 22:5   ✖  Expected indentation of 8 spaces   indentation
 23:5   ✖  Expected indentation of 8 spaces   indentation
 24:3   ✖  Expected indentation of 4 spaces   indentation
 26:3   ✖  Expected indentation of 4 spaces   indentation
 27:5   ✖  Expected indentation of 8 spaces   indentation
 28:5   ✖  Expected indentation of 8 spaces   indentation
 29:3   ✖  Expected indentation of 4 spaces   indentation
 31:3   ✖  Expected indentation of 4 spaces   indentation
 32:5   ✖  Expected indentation of 8 spaces   indentation
 33:5   ✖  Expected indentation of 8 spaces   indentation
 34:3   ✖  Expected indentation of 4 spaces   indentation
 36:3   ✖  Expected indentation of 4 spaces   indentation
 37:5   ✖  Expected indentation of 8 spaces   indentation
 38:5   ✖  Expected indentation of 8 spaces   indentation
 39:5   ✖  Expected indentation of 8 spaces   indentation
 40:5   ✖  Expected indentation of 8 spaces   indentation
 41:5   ✖  Expected indentation of 8 spaces   indentation
 43:5   ✖  Expected indentation of 8 spaces   indentation
 44:7   ✖  Expected indentation of 12 spaces  indentation
 46:1   ✖  Expected indentation of 8 spaces   indentation
 47:5   ✖  Expected indentation of 8 spaces   indentation
 48:7   ✖  Expected indentation of 12 spaces  indentation
 49:7   ✖  Expected indentation of 16 spaces  indentation
 51:1   ✖  Expected indentation of 8 spaces   indentation
 52:5   ✖  Expected indentation of 8 spaces   indentation
 53:7   ✖  Expected indentation of 12 spaces  indentation
 54:9   ✖  Expected indentation of 16 spaces  indentation
 55:11  ✖  Expected indentation of 20 spaces  indentation
 56:9   ✖  Expected indentation of 16 spaces  indentation
 57:9   ✖  Expected indentation of 20 spaces  indentation
 58:7   ✖  Expected indentation of 16 spaces  indentation
 61:2   ✖  Expected indentation of 12 spaces  indentation
 61:5   ✖  Expected indentation of 12 spaces  indentation
 62:7   ✖  Expected indentation of 16 spaces  indentation
 63:9   ✖  Expected indentation of 20 spaces  indentation
 64:7   ✖  Expected indentation of 16 spaces  indentation
 65:7   ✖  Expected indentation of 20 spaces  indentation
 66:5   ✖  Expected indentation of 16 spaces  indentation
 69:1   ✖  Expected indentation of 12 spaces  indentation
 71:1   ✖  Expected indentation of 4 spaces   indentation
 71:4   ✖  Expected indentation of 8 spaces   indentation
 71:12  ✖  Expected indentation of 4 spaces   indentation
 72:3   ✖  Expected empty line before rule    rule-empty-line-before
 72:3   ✖  Expected indentation of 8 spaces   indentation
 73:5   ✖  Expected indentation of 12 spaces  indentation
 74:5   ✖  Expected indentation of 12 spaces  indentation
 75:3   ✖  Expected indentation of 8 spaces   indentation
 77:3   ✖  Expected indentation of 8 spaces   indentation
 78:5   ✖  Expected indentation of 12 spaces  indentation
 79:5   ✖  Expected indentation of 12 spaces  indentation
 80:3   ✖  Expected indentation of 8 spaces   indentation
 81:1   ✖  Expected indentation of 4 spaces   indentation
 83:1   ✖  Expected indentation of 4 spaces   indentation
 84:3   ✖  Expected empty line before rule    rule-empty-line-before
 84:3   ✖  Expected indentation of 8 spaces   indentation
 85:5   ✖  Expected indentation of 12 spaces  indentation
 86:5   ✖  Expected indentation of 12 spaces  indentation
 87:3   ✖  Expected indentation of 8 spaces   indentation
 89:3   ✖  Expected indentation of 8 spaces   indentation
 90:5   ✖  Expected indentation of 12 spaces  indentation
 91:5   ✖  Expected indentation of 12 spaces  indentation
 92:3   ✖  Expected indentation of 8 spaces   indentation
 93:1   ✖  Expected indentation of 4 spaces   indentation

source/components/typography/style.scss
 84:9  ✖  Expected indentation of 0 spaces  indentation
 85:9  ✖  Expected indentation of 0 spaces  indentation
 86:9  ✖  Expected indentation of 0 spaces  indentation
 87:9  ✖  Expected indentation of 0 spaces  indentation
 88:9  ✖  Expected indentation of 0 spaces  indentation
 89:9  ✖  Expected indentation of 0 spaces  indentation

source/utilities/border-radius/style.scss
 39:1  ✖  Expected empty line before rule  rule-empty-line-before

source/utilities/border/style.scss
   8:5  ✖  Expected indentation of 0 spaces    indentation
   9:5  ✖  Expected indentation of 0 spaces    indentation
  10:5  ✖  Expected indentation of -4 spaces   indentation
  11:5  ✖  Expected indentation of -4 spaces   indentation
  12:5  ✖  Expected indentation of -8 spaces   indentation
  13:5  ✖  Expected indentation of -8 spaces   indentation
  14:5  ✖  Expected indentation of -12 spaces  indentation
  15:5  ✖  Expected indentation of -12 spaces  indentation
  16:5  ✖  Expected indentation of -16 spaces  indentation
  21:9  ✖  Expected indentation of 0 spaces    indentation
  22:9  ✖  Expected indentation of 0 spaces    indentation
  23:9  ✖  Expected indentation of 0 spaces    indentation
  24:9  ✖  Expected indentation of 0 spaces    indentation
  25:9  ✖  Expected indentation of 0 spaces    indentation
  26:9  ✖  Expected indentation of 0 spaces    indentation
  27:9  ✖  Expected indentation of 0 spaces    indentation
  28:5  ✖  Expected indentation of -4 spaces   indentation
 101:1  ✖  Expected empty line before rule     rule-empty-line-before
 150:1  ✖  Expected no more than 1 empty line  max-empty-lines
 194:1  ✖  Expected empty line before rule     rule-empty-line-before

source/utilities/color/style.scss
  8:5    ✖  Expected indentation of 0 spaces                    indentation
  9:9    ✖  Expected indentation of 0 spaces                    indentation
 10:9    ✖  Expected indentation of 0 spaces                    indentation
 11:9    ✖  Expected indentation of 0 spaces                    indentation
 12:9    ✖  Expected indentation of 0 spaces                    indentation
 13:9    ✖  Expected indentation of 0 spaces                    indentation
 14:9    ✖  Expected indentation of 0 spaces                    indentation
 15:9    ✖  Expected indentation of 0 spaces                    indentation
 16:9    ✖  Expected indentation of 0 spaces                    indentation
 17:9    ✖  Expected indentation of 0 spaces                    indentation
 18:9    ✖  Expected indentation of 0 spaces                    indentation
 19:9    ✖  Expected indentation of 0 spaces                    indentation
 20:9    ✖  Expected indentation of 0 spaces                    indentation
 21:9    ✖  Expected indentation of 0 spaces                    indentation
 22:9    ✖  Expected indentation of 0 spaces                    indentation
 23:9    ✖  Expected indentation of 0 spaces                    indentation
 24:9    ✖  Expected indentation of 0 spaces                    indentation
 25:9    ✖  Expected indentation of 0 spaces                    indentation
 26:9    ✖  Expected indentation of 0 spaces                    indentation
 27:9    ✖  Expected indentation of 0 spaces                    indentation
 28:9    ✖  Expected indentation of 0 spaces                    indentation
 29:9    ✖  Expected indentation of 0 spaces                    indentation
 30:5    ✖  Expected indentation of -4 spaces                   indentation
 34:9    ✖  Expected indentation of 4 spaces                    indentation
 35:13   ✖  Expected indentation of 4 spaces                    indentation
 36:13   ✖  Expected indentation of 4 spaces                    indentation
 37:13   ✖  Expected indentation of 4 spaces                    indentation
 38:13   ✖  Expected indentation of 4 spaces                    indentation
 39:13   ✖  Expected indentation of 4 spaces                    indentation
 40:13   ✖  Expected indentation of 4 spaces                    indentation
 41:13   ✖  Expected indentation of 4 spaces                    indentation
 42:13   ✖  Expected indentation of 4 spaces                    indentation
 43:13   ✖  Expected indentation of 4 spaces                    indentation
 44:13   ✖  Expected indentation of 4 spaces                    indentation
 45:13   ✖  Expected indentation of 4 spaces                    indentation
 46:13   ✖  Expected indentation of 4 spaces                    indentation
 47:13   ✖  Expected indentation of 4 spaces                    indentation
 48:13   ✖  Expected indentation of 4 spaces                    indentation
 49:13   ✖  Expected indentation of 4 spaces                    indentation
 51:9    ✖  Expected indentation of 4 spaces                    indentation
 52:13   ✖  Expected indentation of 4 spaces                    indentation
 53:13   ✖  Expected indentation of 4 spaces                    indentation
 54:13   ✖  Expected indentation of 4 spaces                    indentation
 54:103  ✖  Expected line length to be no more than 100         max-line-length
            characters
 55:13   ✖  Expected indentation of 4 spaces                    indentation
 56:13   ✖  Expected indentation of 4 spaces                    indentation
 57:13   ✖  Expected indentation of 4 spaces                    indentation
 58:13   ✖  Expected indentation of 4 spaces                    indentation
 59:13   ✖  Expected indentation of 4 spaces                    indentation
 60:13   ✖  Expected indentation of 4 spaces                    indentation
 61:13   ✖  Expected indentation of 4 spaces                    indentation
 62:13   ✖  Expected indentation of 4 spaces                    indentation
 63:13   ✖  Expected indentation of 4 spaces                    indentation
 64:13   ✖  Expected indentation of 4 spaces                    indentation
 65:13   ✖  Expected indentation of 4 spaces                    indentation
 67:9    ✖  Expected indentation of 4 spaces                    indentation
 68:13   ✖  Expected indentation of 4 spaces                    indentation
 69:13   ✖  Expected indentation of 4 spaces                    indentation
 70:13   ✖  Expected indentation of 4 spaces                    indentation
 71:13   ✖  Expected indentation of 4 spaces                    indentation
 72:13   ✖  Expected indentation of 4 spaces                    indentation
 73:13   ✖  Expected indentation of 4 spaces                    indentation
 75:9    ✖  Expected indentation of 4 spaces                    indentation
 76:17   ✖  Expected indentation of 4 spaces                    indentation
 77:17   ✖  Expected indentation of 4 spaces                    indentation
 78:13   ✖  Expected indentation of 4 spaces                    indentation
 79:17   ✖  Expected indentation of 4 spaces                    indentation
 80:17   ✖  Expected indentation of 4 spaces                    indentation
 81:13   ✖  Expected indentation of 4 spaces                    indentation
 82:17   ✖  Expected indentation of 4 spaces                    indentation
 83:17   ✖  Expected indentation of 4 spaces                    indentation
 84:13   ✖  Expected indentation of 4 spaces                    indentation
 85:17   ✖  Expected indentation of 4 spaces                    indentation
 86:17   ✖  Expected indentation of 4 spaces                    indentation
 87:13   ✖  Expected indentation of 4 spaces                    indentation
 88:17   ✖  Expected indentation of 4 spaces                    indentation
 89:17   ✖  Expected indentation of 4 spaces                    indentation
 90:13   ✖  Expected indentation of 4 spaces                    indentation
 91:17   ✖  Expected indentation of 4 spaces                    indentation
 92:17   ✖  Expected indentation of 4 spaces                    indentation
 93:13   ✖  Expected indentation of 4 spaces                    indentation
 94:17   ✖  Expected indentation of 4 spaces                    indentation
 95:17   ✖  Expected indentation of 4 spaces                    indentation
 96:13   ✖  Expected indentation of 4 spaces                    indentation
 97:17   ✖  Expected indentation of 4 spaces                    indentation
 98:17   ✖  Expected indentation of 4 spaces                    indentation

source/utilities/flex/style.scss
  6:9   ✖  Expected indentation of 4 spaces    indentation
  7:13  ✖  Expected indentation of 4 spaces    indentation
  8:13  ✖  Expected indentation of 4 spaces    indentation
  9:13  ✖  Expected indentation of 4 spaces    indentation
 10:9   ✖  Expected indentation of 0 spaces    indentation
 11:5   ✖  Expected indentation of 0 spaces    indentation
 12:9   ✖  Expected indentation of 0 spaces    indentation
 13:13  ✖  Expected indentation of 0 spaces    indentation
 14:13  ✖  Expected indentation of 0 spaces    indentation
 15:13  ✖  Expected indentation of 0 spaces    indentation
 16:13  ✖  Expected indentation of 0 spaces    indentation
 17:13  ✖  Expected indentation of 0 spaces    indentation
 18:9   ✖  Expected indentation of -4 spaces   indentation
 19:5   ✖  Expected indentation of -4 spaces   indentation
 20:9   ✖  Expected indentation of -4 spaces   indentation
 21:9   ✖  Expected indentation of -4 spaces   indentation
 22:13  ✖  Expected indentation of -4 spaces   indentation
 23:5   ✖  Expected indentation of -4 spaces   indentation
 24:9   ✖  Expected indentation of -4 spaces   indentation
 25:13  ✖  Expected indentation of -4 spaces   indentation
 26:5   ✖  Expected indentation of -4 spaces   indentation
 27:9   ✖  Expected indentation of -4 spaces   indentation
 28:13  ✖  Expected indentation of -4 spaces   indentation
 29:5   ✖  Expected indentation of -4 spaces   indentation
 30:9   ✖  Expected indentation of -4 spaces   indentation
 31:13  ✖  Expected indentation of -4 spaces   indentation
 32:13  ✖  Expected indentation of -4 spaces   indentation
 33:13  ✖  Expected indentation of -4 spaces   indentation
 34:13  ✖  Expected indentation of -4 spaces   indentation
 35:9   ✖  Expected indentation of -8 spaces   indentation
 36:5   ✖  Expected indentation of -8 spaces   indentation
 37:9   ✖  Expected indentation of -8 spaces   indentation
 38:13  ✖  Expected indentation of -8 spaces   indentation
 39:13  ✖  Expected indentation of -8 spaces   indentation
 40:13  ✖  Expected indentation of -8 spaces   indentation
 41:9   ✖  Expected indentation of -12 spaces  indentation
 42:5   ✖  Expected indentation of -12 spaces  indentation
 43:9   ✖  Expected indentation of -12 spaces  indentation
 44:13  ✖  Expected indentation of -12 spaces  indentation
 45:13  ✖  Expected indentation of -12 spaces  indentation
 46:13  ✖  Expected indentation of -12 spaces  indentation
 47:13  ✖  Expected indentation of -12 spaces  indentation
 48:9   ✖  Expected indentation of -16 spaces  indentation
 55:9   ✖  Expected indentation of 4 spaces    indentation
 56:13  ✖  Expected indentation of 4 spaces    indentation
 57:13  ✖  Expected indentation of 4 spaces    indentation
 58:13  ✖  Expected indentation of 4 spaces    indentation
 59:13  ✖  Expected indentation of 4 spaces    indentation
 60:13  ✖  Expected indentation of 4 spaces    indentation
 61:13  ✖  Expected indentation of 4 spaces    indentation
 62:13  ✖  Expected indentation of 4 spaces    indentation
 63:13  ✖  Expected indentation of 4 spaces    indentation
 64:13  ✖  Expected indentation of 4 spaces    indentation
 65:13  ✖  Expected indentation of 4 spaces    indentation
 66:13  ✖  Expected indentation of 4 spaces    indentation
 67:13  ✖  Expected indentation of 4 spaces    indentation

source/utilities/function/_string-replace.scss
  3:51   ✖  Expected double quotes                              string-quotes
  4:3    ✖  Expected indentation of 4 spaces                    indentation
  6:3    ✖  Expected indentation of 4 spaces                    indentation
  7:5    ✖  Expected indentation of 8 spaces                    indentation
  7:149  ✖  Expected line length to be no more than 100         max-line-length
            characters
  8:3    ✖  Expected indentation of 4 spaces                    indentation
 10:3    ✖  Expected indentation of 4 spaces                    indentation

source/utilities/gap/style.scss
 30:13  ✖  Expected indentation of 0 spaces  indentation

source/utilities/position/style.scss
 17:9   ✖  Expected indentation of 4 spaces    indentation
 18:13  ✖  Expected indentation of 4 spaces    indentation
 19:13  ✖  Expected indentation of 4 spaces    indentation
 20:13  ✖  Expected indentation of 4 spaces    indentation
 21:13  ✖  Expected indentation of 4 spaces    indentation
 23:9   ✖  Expected indentation of 4 spaces    indentation
 24:13  ✖  Expected indentation of 4 spaces    indentation
 25:13  ✖  Expected indentation of 4 spaces    indentation
 26:13  ✖  Expected indentation of 4 spaces    indentation
 27:13  ✖  Expected indentation of 4 spaces    indentation
 28:9   ✖  Expected indentation of 0 spaces    indentation
 29:5   ✖  Expected indentation of 0 spaces    indentation
 30:9   ✖  Expected indentation of 0 spaces    indentation
 31:13  ✖  Expected indentation of 0 spaces    indentation
 32:13  ✖  Expected indentation of 0 spaces    indentation
 33:13  ✖  Expected indentation of 0 spaces    indentation
 34:13  ✖  Expected indentation of 0 spaces    indentation
 35:9   ✖  Expected indentation of -4 spaces   indentation
 36:5   ✖  Expected indentation of -4 spaces   indentation
 37:9   ✖  Expected indentation of -4 spaces   indentation
 38:13  ✖  Expected indentation of -4 spaces   indentation
 39:13  ✖  Expected indentation of -4 spaces   indentation
 40:13  ✖  Expected indentation of -4 spaces   indentation
 41:13  ✖  Expected indentation of -4 spaces   indentation
 42:9   ✖  Expected indentation of -8 spaces   indentation
 43:5   ✖  Expected indentation of -8 spaces   indentation
 44:9   ✖  Expected indentation of -8 spaces   indentation
 45:13  ✖  Expected indentation of -8 spaces   indentation
 46:13  ✖  Expected indentation of -8 spaces   indentation
 47:13  ✖  Expected indentation of -8 spaces   indentation
 48:13  ✖  Expected indentation of -8 spaces   indentation
 49:9   ✖  Expected indentation of -12 spaces  indentation

source/utilities/preloader/style.scss
  11:3    ✖  Expected indentation of  indentation
             4 spaces
  12:3    ✖  Expected indentation of  indentation
             4 spaces
  13:3    ✖  Expected indentation of  indentation
             4 spaces
  13:125  ✖  Expected line length to  max-line-length
             be no more than 100
             characters
  14:3    ✖  Expected indentation of  indentation
             4 spaces
  15:3    ✖  Expected indentation of  indentation
             4 spaces
  16:3    ✖  Expected indentation of  indentation
             4 spaces
  18:3    ✖  Expected indentation of  indentation
             4 spaces
  19:3    ✖  Expected indentation of  indentation
             4 spaces
  20:5    ✖  Expected indentation of  indentation
             8 spaces
  21:5    ✖  Expected indentation of  indentation
             8 spaces
  22:5    ✖  Expected indentation of  indentation
             8 spaces
  23:5    ✖  Expected indentation of  indentation
             8 spaces
  24:5    ✖  Expected indentation of  indentation
             8 spaces
  25:5    ✖  Expected indentation of  indentation
             8 spaces
  26:5    ✖  Expected indentation of  indentation
             8 spaces
  27:5    ✖  Expected indentation of  indentation
             8 spaces
  28:5    ✖  Unexpected duplicate     declaration-block-no-duplicate-properties
             "background"
  28:5    ✖  Expected indentation of  indentation
             8 spaces
  29:5    ✖  Expected indentation of  indentation
             8 spaces
  30:5    ✖  Expected indentation of  indentation
             8 spaces
  31:5    ✖  Expected indentation of  indentation
             8 spaces
  32:3    ✖  Expected indentation of  indentation
             4 spaces
  34:3    ✖  Expected indentation of  indentation
             4 spaces
  35:5    ✖  Expected indentation of  indentation
             8 spaces
  36:3    ✖  Expected indentation of  indentation
             4 spaces
  38:3    ✖  Expected indentation of  indentation
             4 spaces
  39:5    ✖  Expected indentation of  indentation
             8 spaces
  41:7    ✖  Expected indentation of  indentation
             12 spaces
  42:7    ✖  Expected indentation of  indentation
             12 spaces
  43:9    ✖  Expected indentation of  indentation
             16 spaces
  44:7    ✖  Expected indentation of  indentation
             12 spaces
  45:5    ✖  Expected indentation of  indentation
             8 spaces
  46:3    ✖  Expected indentation of  indentation
             4 spaces
  66:3    ✖  Expected indentation of  indentation
             4 spaces
  67:3    ✖  Expected indentation of  indentation
             4 spaces
  68:3    ✖  Expected indentation of  indentation
             4 spaces
  68:145  ✖  Expected line length to  max-line-length
             be no more than 100
             characters
  69:3    ✖  Expected indentation of  indentation
             4 spaces
  70:5    ✖  Expected empty line      rule-empty-line-before
             before rule
  70:5    ✖  Expected indentation of  indentation
             8 spaces
  71:7    ✖  Expected indentation of  indentation
             12 spaces
  72:5    ✖  Expected indentation of  indentation
             8 spaces
  73:3    ✖  Expected indentation of  indentation
             4 spaces
  75:3    ✖  Expected indentation of  indentation
             4 spaces
  76:5    ✖  Expected indentation of  indentation
             8 spaces
  77:3    ✖  Expected indentation of  indentation
             4 spaces
  79:3    ✖  Expected indentation of  indentation
             4 spaces
  80:3    ✖  Expected indentation of  indentation
             4 spaces
  81:3    ✖  Expected indentation of  indentation
             4 spaces
  82:3    ✖  Expected indentation of  indentation
             4 spaces
  83:3    ✖  Expected indentation of  indentation
             4 spaces
  84:3    ✖  Expected indentation of  indentation
             4 spaces
  85:3    ✖  Expected indentation of  indentation
             4 spaces
  86:3    ✖  Expected indentation of  indentation
             4 spaces
  87:3    ✖  Expected indentation of  indentation
             4 spaces
  88:3    ✖  Expected indentation of  indentation
             4 spaces
  89:3    ✖  Expected indentation of  indentation
             4 spaces
  90:3    ✖  Expected indentation of  indentation
             4 spaces
  91:5    ✖  Expected indentation of  indentation
             8 spaces
  92:5    ✖  Expected indentation of  indentation
             8 spaces
  93:5    ✖  Expected indentation of  indentation
             8 spaces
  94:5    ✖  Expected indentation of  indentation
             8 spaces
  95:5    ✖  Expected indentation of  indentation
             8 spaces
  97:5    ✖  Expected indentation of  indentation
             8 spaces
  98:5    ✖  Expected indentation of  indentation
             8 spaces
  99:7    ✖  Expected indentation of  indentation
             12 spaces
 100:7    ✖  Expected indentation of  indentation
             12 spaces
 101:7    ✖  Expected indentation of  indentation
             12 spaces
 102:7    ✖  Expected indentation of  indentation
             12 spaces
 103:7    ✖  Expected indentation of  indentation
             12 spaces
 104:7    ✖  Expected indentation of  indentation
             12 spaces
 105:7    ✖  Expected indentation of  indentation
             12 spaces
 106:7    ✖  Expected indentation of  indentation
             12 spaces
 107:7    ✖  Expected indentation of  indentation
             12 spaces
 108:7    ✖  Unexpected duplicate     declaration-block-no-duplicate-properties
             "background"
 108:7    ✖  Expected indentation of  indentation
             12 spaces
 109:7    ✖  Expected indentation of  indentation
             12 spaces
 110:7    ✖  Expected indentation of  indentation
             12 spaces
 111:7    ✖  Expected indentation of  indentation
             12 spaces
 112:5    ✖  Expected indentation of  indentation
             8 spaces
 114:5    ✖  Expected indentation of  indentation
             8 spaces
 115:7    ✖  Expected indentation of  indentation
             12 spaces
 116:5    ✖  Expected indentation of  indentation
             8 spaces
 117:3    ✖  Expected indentation of  indentation
             4 spaces
 119:3    ✖  Expected indentation of  indentation
             4 spaces
 120:5    ✖  Expected indentation of  indentation
             8 spaces
 121:3    ✖  Expected indentation of  indentation
             4 spaces
 123:3    ✖  Expected indentation of  indentation
             4 spaces
 124:5    ✖  Expected indentation of  indentation
             8 spaces
 125:5    ✖  Expected indentation of  indentation
             8 spaces
 126:5    ✖  Expected indentation of  indentation
             8 spaces
 127:5    ✖  Expected indentation of  indentation
             8 spaces
 128:5    ✖  Expected indentation of  indentation
             8 spaces
 129:5    ✖  Expected indentation of  indentation
             8 spaces
 130:5    ✖  Expected indentation of  indentation
             8 spaces
 132:5    ✖  Expected indentation of  indentation
             8 spaces
 133:7    ✖  Expected indentation of  indentation
             12 spaces
 134:7    ✖  Expected indentation of  indentation
             12 spaces
 135:7    ✖  Expected indentation of  indentation
             12 spaces
 136:7    ✖  Expected indentation of  indentation
             12 spaces
 137:7    ✖  Expected indentation of  indentation
             12 spaces
 138:7    ✖  Expected indentation of  indentation
             12 spaces
 139:7    ✖  Expected indentation of  indentation
             12 spaces
 140:7    ✖  Expected indentation of  indentation
             12 spaces
 141:7    ✖  Expected indentation of  indentation
             12 spaces
 142:7    ✖  Unexpected duplicate     declaration-block-no-duplicate-properties
             "background"
 142:7    ✖  Expected indentation of  indentation
             12 spaces
 143:7    ✖  Expected indentation of  indentation
             12 spaces
 144:7    ✖  Expected indentation of  indentation
             12 spaces
 145:7    ✖  Expected indentation of  indentation
             12 spaces
 146:5    ✖  Expected indentation of  indentation
             8 spaces
 148:5    ✖  Expected indentation of  indentation
             8 spaces
 149:7    ✖  Expected indentation of  indentation
             12 spaces
 150:5    ✖  Expected indentation of  indentation
             8 spaces
 151:3    ✖  Expected indentation of  indentation
             4 spaces
 155:3    ✖  Expected empty line      rule-empty-line-before
             before rule
 155:3    ✖  Expected indentation of  indentation
             4 spaces
 156:5    ✖  Expected indentation of  indentation
             8 spaces
 157:3    ✖  Expected indentation of  indentation
             4 spaces
 159:3    ✖  Expected indentation of  indentation
             4 spaces
 160:5    ✖  Expected indentation of  indentation
             8 spaces
 161:3    ✖  Expected indentation of  indentation
             4 spaces

source/utilities/sizing/style.scss
 23:1  ✖  Expected indentation of 4 spaces  indentation
 30:1  ✖  Expected indentation of 4 spaces  indentation
 35:9  ✖  Expected indentation of 4 spaces  indentation
 37:9  ✖  Expected indentation of 4 spaces  indentation

source/utilities/shadow/style.scss
  5:78  ✖  Unexpected whitespace at end of line  no-eol-whitespace
  6:74  ✖  Unexpected whitespace at end of line  no-eol-whitespace
 14:9   ✖  Expected indentation of 0 spaces      indentation
 15:9   ✖  Expected indentation of 0 spaces      indentation
 16:5   ✖  Expected indentation of -4 spaces     indentation

source/utilities/spacing/style.scss
  11:3  ✖  Expected indentation of 4 spaces   indentation
  12:3  ✖  Expected indentation of 4 spaces   indentation
  13:3  ✖  Expected indentation of 4 spaces   indentation
  14:3  ✖  Expected indentation of 4 spaces   indentation
  15:3  ✖  Expected indentation of 4 spaces   indentation
  16:3  ✖  Expected indentation of 4 spaces   indentation
  17:3  ✖  Expected indentation of 4 spaces   indentation
  18:3  ✖  Expected indentation of 4 spaces   indentation
  19:3  ✖  Expected indentation of 4 spaces   indentation
  20:3  ✖  Expected indentation of 4 spaces   indentation
  21:3  ✖  Expected indentation of 4 spaces   indentation
  22:3  ✖  Expected indentation of 4 spaces   indentation
  23:3  ✖  Expected indentation of 4 spaces   indentation
  24:3  ✖  Expected indentation of 4 spaces   indentation
  25:3  ✖  Expected indentation of 4 spaces   indentation
  33:3  ✖  Expected indentation of 4 spaces   indentation
  34:3  ✖  Expected indentation of 4 spaces   indentation
  35:5  ✖  Expected indentation of 8 spaces   indentation
  36:5  ✖  Expected indentation of 8 spaces   indentation
  37:3  ✖  Expected indentation of 8 spaces   indentation
  38:3  ✖  Expected indentation of 8 spaces   indentation
  40:1  ✖  Expected indentation of 8 spaces   indentation
  41:3  ✖  Expected indentation of 12 spaces  indentation
  42:5  ✖  Expected indentation of 16 spaces  indentation
  43:3  ✖  Expected indentation of 12 spaces  indentation
  44:1  ✖  Expected indentation of 8 spaces   indentation
  46:1  ✖  Expected indentation of 8 spaces   indentation
  47:3  ✖  Expected indentation of 12 spaces  indentation
  48:5  ✖  Expected indentation of 16 spaces  indentation
  49:3  ✖  Expected indentation of 12 spaces  indentation
  50:1  ✖  Expected indentation of 8 spaces   indentation
  52:1  ✖  Expected indentation of 8 spaces   indentation
  53:3  ✖  Expected indentation of 12 spaces  indentation
  54:5  ✖  Expected indentation of 16 spaces  indentation
  55:7  ✖  Expected indentation of 20 spaces  indentation
  56:5  ✖  Expected indentation of 16 spaces  indentation
  57:3  ✖  Expected indentation of 16 spaces  indentation
  58:1  ✖  Expected indentation of 12 spaces  indentation
  59:1  ✖  Expected indentation of 8 spaces   indentation
  61:1  ✖  Expected indentation of 8 spaces   indentation
  62:3  ✖  Expected indentation of 12 spaces  indentation
  63:3  ✖  Expected indentation of 12 spaces  indentation
  64:3  ✖  Expected indentation of 12 spaces  indentation
  65:3  ✖  Expected indentation of 12 spaces  indentation
  66:1  ✖  Expected indentation of 8 spaces   indentation
  68:1  ✖  Expected indentation of 8 spaces   indentation
  69:1  ✖  Expected indentation of 4 spaces   indentation
  71:1  ✖  Expected indentation of 4 spaces   indentation
  72:1  ✖  Expected indentation of 4 spaces   indentation
  73:1  ✖  Expected indentation of 4 spaces   indentation
  75:1  ✖  Expected indentation of 4 spaces   indentation
  76:3  ✖  Expected indentation of 8 spaces   indentation
  77:5  ✖  Expected indentation of 12 spaces  indentation
  78:7  ✖  Expected indentation of 16 spaces  indentation
  79:5  ✖  Expected indentation of 12 spaces  indentation
  80:3  ✖  Expected indentation of 12 spaces  indentation
  81:1  ✖  Expected indentation of 8 spaces   indentation
  82:1  ✖  Expected indentation of 4 spaces   indentation
  84:1  ✖  Expected indentation of 4 spaces   indentation
  85:3  ✖  Expected indentation of 8 spaces   indentation
  86:3  ✖  Expected indentation of 8 spaces   indentation
  87:3  ✖  Expected indentation of 8 spaces   indentation
  88:1  ✖  Expected indentation of 4 spaces   indentation
  90:1  ✖  Expected indentation of 4 spaces   indentation
  95:3  ✖  Expected indentation of 4 spaces   indentation
  96:3  ✖  Expected indentation of 4 spaces   indentation
  98:1  ✖  Expected indentation of 4 spaces   indentation
  99:3  ✖  Expected indentation of 8 spaces   indentation
 100:5  ✖  Expected indentation of 12 spaces  indentation
 101:3  ✖  Expected indentation of 8 spaces   indentation
 102:1  ✖  Expected indentation of 8 spaces   indentation
 103:1  ✖  Expected indentation of 4 spaces   indentation
 105:1  ✖  Expected indentation of 4 spaces   indentation
 106:3  ✖  Expected indentation of 8 spaces   indentation
 107:3  ✖  Expected indentation of 8 spaces   indentation
 108:1  ✖  Expected indentation of 4 spaces   indentation
 110:1  ✖  Expected indentation of 4 spaces   indentation

source/utilities/text/style.scss
  6:5  ✖  Expected indentation of 0 spaces   indentation
  7:9  ✖  Expected indentation of 0 spaces   indentation
  8:9  ✖  Expected indentation of 0 spaces   indentation
  9:9  ✖  Expected indentation of 0 spaces   indentation
 10:9  ✖  Expected indentation of 0 spaces   indentation
 11:9  ✖  Expected indentation of 0 spaces   indentation
 12:9  ✖  Expected indentation of 0 spaces   indentation
 13:9  ✖  Expected indentation of 0 spaces   indentation
 14:9  ✖  Expected indentation of 0 spaces   indentation
 15:5  ✖  Expected indentation of -4 spaces  indentation

source/sass/doc/_fab.scss
 9:5  ✖  Expected empty line before rule  rule-empty-line-before

source/sass/doc/_mixins.scss
  9:1  ✖  Expected empty line before rule  rule-empty-line-before
 22:1  ✖  Expected empty line before rule  rule-empty-line-before
 31:1  ✖  Expected empty line before rule  rule-empty-line-before
 40:1  ✖  Expected empty line before rule  rule-empty-line-before
 45:1  ✖  Expected empty line before rule  rule-empty-line-before

source/sass/element/_blockquote.scss
  5:3    ✖  Expected indentation of 4    indentation
            spaces
  6:3    ✖  Expected indentation of 4    indentation
            spaces
 10:3    ✖  Expected indentation of 4    indentation
            spaces
 11:3    ✖  Expected indentation of 4    indentation
            spaces
 14:1    ✖  Expected no more than 1      max-empty-lines
            empty line
 20:5    ✖  Expected indentation of 0    indentation
            spaces
 21:5    ✖  Expected indentation of 0    indentation
            spaces
 22:5    ✖  Expected indentation of 0    indentation
            spaces
 23:3    ✖  Expected indentation of -4   indentation
            spaces
 28:3    ✖  Expected indentation of 4    indentation
            spaces
 29:3    ✖  Expected indentation of 4    indentation
            spaces
 30:3    ✖  Expected indentation of 4    indentation
            spaces
 31:3    ✖  Expected indentation of 4    indentation
            spaces
 31:138  ✖  Expected line length to be   max-line-length
            no more than 100 characters
 32:3    ✖  Expected indentation of 4    indentation
            spaces
 33:3    ✖  Expected indentation of 4    indentation
            spaces
 34:3    ✖  Expected indentation of 4    indentation
            spaces
 36:3    ✖  Expected indentation of 4    indentation
            spaces
 37:5    ✖  Expected indentation of 8    indentation
            spaces
 38:3    ✖  Expected indentation of 4    indentation
            spaces
 40:3    ✖  Expected indentation of 4    indentation
            spaces
 41:5    ✖  Expected indentation of 8    indentation
            spaces
 42:3    ✖  Expected indentation of 4    indentation
            spaces
 44:3    ✖  Expected indentation of 4    indentation
            spaces
 44:4    ✖  Expected single colon        selector-pseudo-element-colon-notation
            pseudo-element notation
 45:3    ✖  Expected indentation of 4    indentation
            spaces
 45:4    ✖  Expected single colon        selector-pseudo-element-colon-notation
            pseudo-element notation
 46:5    ✖  Expected indentation of 8    indentation
            spaces
 46:18   ✖  Expected double quotes       string-quotes
 46:47   ✖  Expected double quotes       string-quotes
 46:75   ✖  Expected double quotes       string-quotes
 47:5    ✖  Expected indentation of 8    indentation
            spaces
 47:14   ✖  Expected double quotes       string-quotes
 48:5    ✖  Expected indentation of 8    indentation
            spaces
 49:5    ✖  Expected indentation of 8    indentation
            spaces
 50:5    ✖  Expected indentation of 8    indentation
            spaces
 51:7    ✖  Expected double quotes       string-quotes
 51:7    ✖  Expected indentation of 12   indentation
            spaces
 52:7    ✖  Expected double quotes       string-quotes
 52:7    ✖  Expected indentation of 12   indentation
            spaces
 53:7    ✖  Expected double quotes       string-quotes
 53:7    ✖  Expected indentation of 12   indentation
            spaces
 54:7    ✖  Expected double quotes       string-quotes
 54:7    ✖  Expected indentation of 12   indentation
            spaces
 55:3    ✖  Expected indentation of 4    indentation
            spaces
 57:3    ✖  Expected indentation of 4    indentation
            spaces
 57:4    ✖  Expected single colon        selector-pseudo-element-colon-notation
            pseudo-element notation
 58:5    ✖  Expected indentation of 8    indentation
            spaces
 59:5    ✖  Expected indentation of 8    indentation
            spaces
 60:3    ✖  Expected indentation of 4    indentation
            spaces
 62:3    ✖  Expected indentation of 4    indentation
            spaces
 62:4    ✖  Expected single colon        selector-pseudo-element-colon-notation
            pseudo-element notation
 63:5    ✖  Expected indentation of 8    indentation
            spaces
 64:5    ✖  Expected indentation of 8    indentation
            spaces
 65:5    ✖  Expected indentation of 8    indentation
            spaces
 66:3    ✖  Expected indentation of 4    indentation
            spaces
 68:3    ✖  Expected indentation of 4    indentation
            spaces
 68:4    ✖  Unexpected whitespace after  selector-combinator-space-after
            ">"
 69:5    ✖  Expected indentation of 8    indentation
            spaces
 70:3    ✖  Expected indentation of 4    indentation
            spaces

source/sass/element/_body.scss
 8:9  ✖  Expected indentation of 0 spaces   indentation
 9:5  ✖  Expected indentation of -4 spaces  indentation

source/sass/element/_hr.scss
 3:1  ✖  Expected no more than 1 empty line  max-empty-lines

source/sass/element/_link.scss
  7:5  ✖  Expected indentation of 0 spaces   indentation
  8:9  ✖  Expected indentation of 0 spaces   indentation
  9:9  ✖  Expected indentation of 0 spaces   indentation
 10:5  ✖  Expected indentation of -4 spaces  indentation

source/sass/element/_list.scss
 17:8  ✖  Unexpected whitespace after "+"     selector-combinator-space-after
 17:8  ✖  Unexpected whitespace before "+"    selector-combinator-space-before
 23:5  ✖  Expected empty line before rule     rule-empty-line-before
 38:8  ✖  Unexpected whitespace after "+"     selector-combinator-space-after
 38:8  ✖  Unexpected whitespace before "+"    selector-combinator-space-before
 51:1  ✖  Expected no more than 1 empty line  max-empty-lines
 52:1  ✖  Expected no more than 1 empty line  max-empty-lines

source/sass/generic/_animations.scss
 2:5  ✖  Expected empty line before rule  rule-empty-line-before
 6:5  ✖  Expected empty line before rule  rule-empty-line-before

source/sass/generic/_layouts.scss
 11:127  ✖  Expected line length to be no more than 100         max-line-length
            characters

source/sass/generic/_normalize.scss
   5:1  ✖  Expected no more than 1 empty line  max-empty-lines
 337:1  ✖  Expected no more than 1 empty line  max-empty-lines
 350:1  ✖  Expected empty line before rule     rule-empty-line-before

source/sass/function/_is-direction.scss
 22:109  ✖  Expected line length to be no more than 100         max-line-length
            characters

source/sass/function/_strip-unit.scss
 2:6  ✖  Expected double quotes  string-quotes

source/sass/mixin/_build-utility.scss
  8:3    ✖  Expected indentation of 4 spaces                    indentation
  9:5    ✖  Expected indentation of 8 spaces                    indentation
 10:7    ✖  Expected indentation of 12 spaces                   indentation
 11:5    ✖  Expected indentation of 8 spaces                    indentation
 12:3    ✖  Expected indentation of 4 spaces                    indentation
 14:3    ✖  Expected indentation of 4 spaces                    indentation
 15:5    ✖  Expected indentation of 8 spaces                    indentation
 16:3    ✖  Expected indentation of 4 spaces                    indentation
 20:3    ✖  Expected indentation of 4 spaces                    indentation
 21:3    ✖  Expected indentation of 4 spaces                    indentation
 22:3    ✖  Expected indentation of 4 spaces                    indentation
 23:3    ✖  Expected indentation of 4 spaces                    indentation
 24:3    ✖  Expected indentation of 4 spaces                    indentation
 25:3    ✖  Expected indentation of 4 spaces                    indentation
 26:1    ✖  Expected indentation of 4 spaces                    indentation
 27:1    ✖  Expected indentation of 4 spaces                    indentation
 29:1    ✖  Expected indentation of 4 spaces                    indentation
 30:1    ✖  Expected indentation of 4 spaces                    indentation
 32:1    ✖  Expected indentation of 4 spaces                    indentation
 33:1    ✖  Expected indentation of 4 spaces                    indentation
 34:3    ✖  Expected indentation of 8 spaces                    indentation
 35:3    ✖  Expected indentation of 8 spaces                    indentation
 36:1    ✖  Expected indentation of 4 spaces                    indentation
 38:1    ✖  Expected indentation of 4 spaces                    indentation
 39:3    ✖  Expected indentation of 8 spaces                    indentation
 40:5    ✖  Expected indentation of 12 spaces                   indentation
 41:3    ✖  Expected indentation of 8 spaces                    indentation
 43:1    ✖  Expected indentation of 8 spaces                    indentation
 44:3    ✖  Expected indentation of 12 spaces                   indentation
 45:5    ✖  Expected indentation of 16 spaces                   indentation
 46:3    ✖  Expected indentation of 12 spaces                   indentation
 47:1    ✖  Expected indentation of 8 spaces                    indentation
 49:1    ✖  Expected indentation of 8 spaces                    indentation
 50:3    ✖  Expected indentation of 12 spaces                   indentation
 51:3    ✖  Expected indentation of 12 spaces                   indentation
 52:1    ✖  Expected indentation of 8 spaces                    indentation
 53:1    ✖  Expected indentation of 4 spaces                    indentation
 55:1    ✖  Expected indentation of 4 spaces                    indentation
 56:3    ✖  Expected indentation of 8 spaces                    indentation
 57:5    ✖  Expected indentation of 12 spaces                   indentation
 58:5    ✖  Expected indentation of 12 spaces                   indentation
 59:5    ✖  Expected indentation of 12 spaces                   indentation
 60:7    ✖  Expected indentation of 16 spaces                   indentation
 61:5    ✖  Expected indentation of 12 spaces                   indentation
 63:3    ✖  Expected indentation of 12 spaces                   indentation
 64:5    ✖  Expected indentation of 16 spaces                   indentation
 65:7    ✖  Expected indentation of 20 spaces                   indentation
 65:111  ✖  Expected line length to be no more than 100         max-line-length
            characters
 66:5    ✖  Expected indentation of 16 spaces                   indentation
 67:3    ✖  Expected indentation of 12 spaces                   indentation
 69:3    ✖  Expected indentation of 12 spaces                   indentation
 70:5    ✖  Expected indentation of 16 spaces                   indentation
 71:5    ✖  Expected indentation of 16 spaces                   indentation
 72:3    ✖  Expected indentation of 12 spaces                   indentation
 73:1    ✖  Expected indentation of 8 spaces                    indentation
 74:1    ✖  Expected indentation of 4 spaces                    indentation
 76:1    ✖  Expected indentation of 4 spaces                    indentation
 77:3    ✖  Expected indentation of 8 spaces                    indentation
 78:1    ✖  Expected indentation of 4 spaces                    indentation
 80:1    ✖  Expected indentation of 4 spaces                    indentation
 81:3    ✖  Expected indentation of 8 spaces                    indentation
 82:1    ✖  Expected indentation of 4 spaces                    indentation

source/sass/mixin/_responsive-styles.scss
 13:1  ✖  Expected indentation of 4 spaces   indentation
 14:1  ✖  Expected indentation of 4 spaces   indentation
 16:1  ✖  Expected indentation of 4 spaces   indentation
 17:5  ✖  Expected indentation of 8 spaces   indentation
 18:5  ✖  Expected indentation of 8 spaces   indentation
 20:5  ✖  Expected indentation of 8 spaces   indentation
 21:9  ✖  Expected indentation of 12 spaces  indentation
 22:9  ✖  Expected indentation of 12 spaces  indentation
 23:1  ✖  Expected indentation of 8 spaces   indentation
 25:1  ✖  Expected indentation of 8 spaces   indentation
 26:1  ✖  Expected indentation of 8 spaces   indentation
 27:1  ✖  Expected indentation of 8 spaces   indentation
 28:1  ✖  Expected indentation of 4 spaces   indentation
 30:1  ✖  Expected indentation of 4 spaces   indentation
 31:5  ✖  Expected indentation of 8 spaces   indentation
 32:5  ✖  Expected indentation of 8 spaces   indentation
 33:5  ✖  Expected indentation of 8 spaces   indentation
 35:1  ✖  Expected indentation of 8 spaces   indentation
 36:5  ✖  Expected indentation of 12 spaces  indentation
 37:5  ✖  Expected indentation of 12 spaces  indentation
 39:5  ✖  Expected indentation of 12 spaces  indentation
 40:5  ✖  Expected indentation of 12 spaces  indentation
 41:9  ✖  Expected indentation of 16 spaces  indentation
 42:9  ✖  Expected indentation of 16 spaces  indentation
 43:5  ✖  Expected indentation of 12 spaces  indentation
 45:5  ✖  Expected indentation of 12 spaces  indentation
 46:5  ✖  Expected indentation of 12 spaces  indentation
 48:1  ✖  Expected indentation of 8 spaces   indentation
 49:1  ✖  Expected indentation of 8 spaces   indentation
 50:5  ✖  Expected indentation of 12 spaces  indentation
 51:9  ✖  Expected indentation of 16 spaces  indentation
 52:5  ✖  Expected indentation of 12 spaces  indentation
 53:1  ✖  Expected indentation of 8 spaces   indentation
 55:1  ✖  Expected indentation of 4 spaces   indentation

source/sass/mixin/_tokens.scss
 46:5    ✖  Expected empty line before rule              rule-empty-line-before
 67:36   ✖  Expected no more than 1 empty line           max-empty-lines
 69:173  ✖  Expected line length to be no more than 100  max-line-length
            characters
 72:108  ✖  Expected line length to be no more than 100  max-line-length
            characters

source/sass/icon/_material-symbols.scss
  4:1   ✖  Expected empty line before    rule-empty-line-before
           rule
  4:18  ✖  Expected newline after ","    selector-list-comma-newline-after
           in a multi-line list
  4:19  ✖  Unexpected whitespace at end  no-eol-whitespace
           of line
  6:18  ✖  Expected double quotes        string-quotes
  6:47  ✖  Expected double quotes        string-quotes
  6:75  ✖  Expected double quotes        string-quotes
 18:5   ✖  Expected double quotes        string-quotes
 18:5   ✖  Expected indentation of 8     indentation
           spaces
 19:5   ✖  Expected double quotes        string-quotes
 19:5   ✖  Expected indentation of 8     indentation
           spaces
 20:5   ✖  Expected double quotes        string-quotes
 20:5   ✖  Expected indentation of 8     indentation
           spaces
 21:5   ✖  Expected double quotes        string-quotes
 21:5   ✖  Expected indentation of 8     indentation
           spaces
 25:9   ✖  Expected double quotes        string-quotes
 25:9   ✖  Expected indentation of 12    indentation
           spaces
 26:9   ✖  Expected double quotes        string-quotes
 26:9   ✖  Expected indentation of 12    indentation
           spaces
 27:9   ✖  Expected double quotes        string-quotes
 27:9   ✖  Expected indentation of 12    indentation
           spaces
 28:9   ✖  Expected double quotes        string-quotes
 28:9   ✖  Expected indentation of 12    indentation
           spaces
 31:6   ✖  Expected single colon         selector-pseudo-element-colon-notation
           pseudo-element notation

source/sass/object/_article.scss
  7:28  ✖  Expected double quotes  string-quotes
  7:34  ✖  Expected double quotes  string-quotes
  7:40  ✖  Expected double quotes  string-quotes
  7:46  ✖  Expected double quotes  string-quotes
  7:52  ✖  Expected double quotes  string-quotes
  7:58  ✖  Expected double quotes  string-quotes
  8:5   ✖  Expected double quotes  string-quotes
  8:12  ✖  Expected double quotes  string-quotes
  8:19  ✖  Expected double quotes  string-quotes
  8:26  ✖  Expected double quotes  string-quotes
  8:33  ✖  Expected double quotes  string-quotes
  8:40  ✖  Expected double quotes  string-quotes
 10:28  ✖  Expected double quotes  string-quotes
 10:33  ✖  Expected double quotes  string-quotes
 10:39  ✖  Expected double quotes  string-quotes
 10:45  ✖  Expected double quotes  string-quotes
 10:59  ✖  Expected double quotes  string-quotes
 10:66  ✖  Expected double quotes  string-quotes
 10:75  ✖  Expected double quotes  string-quotes

source/sass/object/_container.scss
  9:20  ✖  Expected double quotes           string-quotes
 13:20  ✖  Expected double quotes           string-quotes
 13:26  ✖  Expected double quotes           string-quotes
 18:5   ✖  Expected empty line before rule  rule-empty-line-before

source/sass/object/_grid.scss
  23:5   ✖  Expected empty line before rule   rule-empty-line-before
  41:9   ✖  Expected empty line before rule   rule-empty-line-before
  49:13  ✖  Expected empty line before rule   rule-empty-line-before
  49:21  ✖  Unexpected whitespace after "+"   selector-combinator-space-after
  49:21  ✖  Unexpected whitespace before "+"  selector-combinator-space-before
  50:19  ✖  Unexpected whitespace after "+"   selector-combinator-space-after
  50:19  ✖  Unexpected whitespace before "+"  selector-combinator-space-before
  51:21  ✖  Unexpected whitespace after "+"   selector-combinator-space-after
  51:21  ✖  Unexpected whitespace before "+"  selector-combinator-space-before
  52:19  ✖  Unexpected whitespace after "+"   selector-combinator-space-after
  52:19  ✖  Unexpected whitespace before "+"  selector-combinator-space-before
  56:34  ✖  Unexpected whitespace after "+"   selector-combinator-space-after
  56:34  ✖  Unexpected whitespace before "+"  selector-combinator-space-before
  57:30  ✖  Unexpected whitespace after "+"   selector-combinator-space-after
  57:30  ✖  Unexpected whitespace before "+"  selector-combinator-space-before
  58:34  ✖  Unexpected whitespace after "+"   selector-combinator-space-after
  58:34  ✖  Unexpected whitespace before "+"  selector-combinator-space-before
  59:30  ✖  Unexpected whitespace after "+"   selector-combinator-space-after
  59:30  ✖  Unexpected whitespace before "+"  selector-combinator-space-before
  66:5   ✖  Expected empty line before rule   rule-empty-line-before
  81:5   ✖  Expected empty line before rule   rule-empty-line-before
  87:5   ✖  Expected empty line before rule   rule-empty-line-before
  93:5   ✖  Expected empty line before rule   rule-empty-line-before
  93:36  ✖  Unexpected whitespace after ">"   selector-combinator-space-after
  93:36  ✖  Unexpected whitespace before ">"  selector-combinator-space-before
  94:32  ✖  Unexpected whitespace after ">"   selector-combinator-space-after
  94:32  ✖  Unexpected whitespace before ">"  selector-combinator-space-before
 105:13  ✖  Unexpected whitespace after "+"   selector-combinator-space-after
 105:13  ✖  Unexpected whitespace before "+"  selector-combinator-space-before
 106:11  ✖  Unexpected whitespace after "+"   selector-combinator-space-after
 106:11  ✖  Unexpected whitespace before "+"  selector-combinator-space-before
 107:13  ✖  Unexpected whitespace after "+"   selector-combinator-space-after
 107:13  ✖  Unexpected whitespace before "+"  selector-combinator-space-before
 108:11  ✖  Unexpected whitespace after "+"   selector-combinator-space-after
 108:11  ✖  Unexpected whitespace before "+"  selector-combinator-space-before
 112:26  ✖  Unexpected whitespace after "+"   selector-combinator-space-after
 112:26  ✖  Unexpected whitespace before "+"  selector-combinator-space-before
 113:22  ✖  Unexpected whitespace after "+"   selector-combinator-space-after
 113:22  ✖  Unexpected whitespace before "+"  selector-combinator-space-before
 114:26  ✖  Unexpected whitespace after "+"   selector-combinator-space-after
 114:26  ✖  Unexpected whitespace before "+"  selector-combinator-space-before
 115:22  ✖  Unexpected whitespace after "+"   selector-combinator-space-after
 115:22  ✖  Unexpected whitespace before "+"  selector-combinator-space-before
 153:13  ✖  Expected empty line before rule   rule-empty-line-before
 168:13  ✖  Expected empty line before rule   rule-empty-line-before
 174:13  ✖  Expected empty line before rule   rule-empty-line-before

source/sass/object/_layout-grid.scss
  29:4    ✖  Unexpected whitespace at end of   no-eol-whitespace
             line
  46:5    ✖  Expected empty line before rule   rule-empty-line-before
  47:5    ✖  Expected empty line before rule   rule-empty-line-before
  48:5    ✖  Expected empty line before rule   rule-empty-line-before
  49:5    ✖  Expected empty line before rule   rule-empty-line-before
  52:5    ✖  Expected empty line before rule   rule-empty-line-before
  52:21   ✖  Expected single space before "{"  block-opening-brace-space-before
  53:5    ✖  Expected empty line before rule   rule-empty-line-before
  53:21   ✖  Expected single space before "{"  block-opening-brace-space-before
  54:5    ✖  Expected empty line before rule   rule-empty-line-before
  54:21   ✖  Expected single space before "{"  block-opening-brace-space-before
  55:5    ✖  Expected empty line before rule   rule-empty-line-before
  58:5    ✖  Expected empty line before rule   rule-empty-line-before
  58:23   ✖  Expected single space before "{"  block-opening-brace-space-before
  59:5    ✖  Expected empty line before rule   rule-empty-line-before
  59:23   ✖  Expected single space before "{"  block-opening-brace-space-before
  60:5    ✖  Expected empty line before rule   rule-empty-line-before
  60:23   ✖  Expected single space before "{"  block-opening-brace-space-before
  61:5    ✖  Expected empty line before rule   rule-empty-line-before
 106:45   ✖  Expected single space before "{"  block-opening-brace-space-before
 107:45   ✖  Expected single space before "{"  block-opening-brace-space-before
 108:45   ✖  Expected single space before "{"  block-opening-brace-space-before
 112:47   ✖  Expected single space before "{"  block-opening-brace-space-before
 113:47   ✖  Expected single space before "{"  block-opening-brace-space-before
 114:47   ✖  Expected single space before "{"  block-opening-brace-space-before
 157:103  ✖  Expected line length to be no     max-line-length
             more than 100 characters
 158:103  ✖  Expected line length to be no     max-line-length
             more than 100 characters
 162:58   ✖  Expected single space before "{"  block-opening-brace-space-before
 163:58   ✖  Expected single space before "{"  block-opening-brace-space-before
 164:58   ✖  Expected single space before "{"  block-opening-brace-space-before
 168:60   ✖  Expected single space before "{"  block-opening-brace-space-before
 169:60   ✖  Expected single space before "{"  block-opening-brace-space-before
 170:60   ✖  Expected single space before "{"  block-opening-brace-space-before

source/sass/object/_lead.scss
 3:1  ✖  Expected no more than 1 empty line  max-empty-lines

source/sass/object/_minimal-slider.scss
   4:3    ✖  Expected indentation of 4 spaces            indentation
   5:3    ✖  Expected indentation of 4 spaces            indentation
  13:3    ✖  Expected indentation of 4 spaces            indentation
  14:3    ✖  Expected indentation of 4 spaces            indentation
  15:3    ✖  Expected indentation of 4 spaces            indentation
  16:3    ✖  Expected indentation of 4 spaces            indentation
  17:5    ✖  Expected indentation of 8 spaces            indentation
  18:5    ✖  Expected indentation of 8 spaces            indentation
  19:3    ✖  Expected indentation of 4 spaces            indentation
  21:3    ✖  Expected indentation of 4 spaces            indentation
  22:5    ✖  Expected indentation of 8 spaces            indentation
  23:5    ✖  Expected indentation of 8 spaces            indentation
  24:5    ✖  Expected indentation of 8 spaces            indentation
  25:5    ✖  Expected indentation of 8 spaces            indentation
  26:5    ✖  Expected indentation of 8 spaces            indentation
  27:3    ✖  Expected indentation of 4 spaces            indentation
  29:3    ✖  Expected indentation of 4 spaces            indentation
  30:5    ✖  Expected indentation of 8 spaces            indentation
  31:5    ✖  Expected indentation of 8 spaces            indentation
  32:5    ✖  Expected indentation of 8 spaces            indentation
  33:3    ✖  Expected indentation of 4 spaces            indentation
  35:3    ✖  Expected indentation of 4 spaces            indentation
  36:5    ✖  Expected indentation of 8 spaces            indentation
  37:3    ✖  Expected indentation of 4 spaces            indentation
  39:3    ✖  Expected indentation of 4 spaces            indentation
  40:5    ✖  Expected indentation of 8 spaces            indentation
  41:5    ✖  Expected indentation of 8 spaces            indentation
  42:5    ✖  Expected indentation of 8 spaces            indentation
  43:5    ✖  Expected indentation of 8 spaces            indentation
  44:5    ✖  Expected indentation of 8 spaces            indentation
  46:5    ✖  Expected indentation of 8 spaces            indentation
  47:5    ✖  Expected indentation of 8 spaces            indentation
  61:135  ✖  Expected line length to be no more than     max-line-length
             100 characters
  66:134  ✖  Expected line length to be no more than     max-line-length
             100 characters
  68:3    ✖  Expected indentation of 4 spaces            indentation
  70:3    ✖  Expected indentation of 4 spaces            indentation
  71:5    ✖  Expected indentation of 8 spaces            indentation
  72:5    ✖  Expected indentation of 8 spaces            indentation
  73:5    ✖  Expected indentation of 8 spaces            indentation
  73:211  ✖  Expected line length to be no more than     max-line-length
             100 characters
  74:5    ✖  Expected indentation of 8 spaces            indentation
  75:5    ✖  Expected indentation of 8 spaces            indentation
  76:5    ✖  Expected indentation of 8 spaces            indentation
  77:5    ✖  Expected indentation of 8 spaces            indentation
  78:5    ✖  Expected indentation of 8 spaces            indentation
  79:5    ✖  Expected indentation of 8 spaces            indentation
  80:5    ✖  Expected indentation of 8 spaces            indentation
  81:5    ✖  Expected indentation of 8 spaces            indentation
  82:5    ✖  Expected indentation of 8 spaces            indentation
  83:5    ✖  Expected indentation of 8 spaces            indentation
  84:5    ✖  Expected indentation of 8 spaces            indentation
  85:5    ✖  Expected indentation of 8 spaces            indentation
  86:5    ✖  Expected indentation of 8 spaces            indentation
  88:5    ✖  Expected indentation of 8 spaces            indentation
  89:7    ✖  Expected indentation of 12 spaces           indentation
  90:5    ✖  Expected indentation of 8 spaces            indentation
  91:3    ✖  Expected indentation of 4 spaces            indentation
  93:3    ✖  Expected indentation of 4 spaces            indentation
  94:5    ✖  Expected indentation of 8 spaces            indentation
  95:5    ✖  Expected indentation of 8 spaces            indentation
  96:5    ✖  Expected indentation of 8 spaces            indentation
  97:5    ✖  Expected indentation of 8 spaces            indentation
  98:5    ✖  Expected indentation of 8 spaces            indentation
  99:5    ✖  Expected indentation of 8 spaces            indentation
 100:5    ✖  Expected indentation of 8 spaces            indentation
 101:5    ✖  Expected indentation of 8 spaces            indentation
 102:5    ✖  Expected indentation of 8 spaces            indentation
 103:3    ✖  Expected indentation of 4 spaces            indentation
 105:3    ✖  Expected indentation of 4 spaces            indentation
 106:5    ✖  Expected indentation of 8 spaces            indentation
 107:5    ✖  Expected indentation of 8 spaces            indentation
 108:5    ✖  Expected indentation of 8 spaces            indentation
 109:5    ✖  Expected indentation of 8 spaces            indentation
 110:3    ✖  Expected indentation of 4 spaces            indentation
 112:3    ✖  Expected indentation of 4 spaces            indentation
 113:5    ✖  Expected indentation of 8 spaces            indentation
 114:5    ✖  Expected indentation of 8 spaces            indentation
 115:5    ✖  Expected indentation of 8 spaces            indentation
 116:5    ✖  Expected indentation of 8 spaces            indentation
 117:5    ✖  Expected indentation of 8 spaces            indentation
 118:5    ✖  Expected indentation of 8 spaces            indentation
 119:5    ✖  Expected indentation of 8 spaces            indentation
 120:5    ✖  Expected indentation of 8 spaces            indentation
 121:3    ✖  Expected indentation of 4 spaces            indentation
 123:3    ✖  Expected indentation of 4 spaces            indentation
 124:5    ✖  Expected indentation of 8 spaces            indentation
 125:5    ✖  Expected indentation of 8 spaces            indentation
 126:5    ✖  Expected indentation of 8 spaces            indentation
 127:5    ✖  Expected indentation of 8 spaces            indentation
 128:5    ✖  Expected indentation of 8 spaces            indentation
 130:5    ✖  Expected indentation of 8 spaces            indentation
 131:7    ✖  Expected indentation of 12 spaces           indentation
 132:5    ✖  Expected indentation of 8 spaces            indentation
 134:5    ✖  Expected indentation of 8 spaces            indentation
 135:7    ✖  Expected indentation of 12 spaces           indentation
 136:5    ✖  Expected indentation of 8 spaces            indentation
 137:3    ✖  Expected indentation of 4 spaces            indentation
 140:1    ✖  Expected no more than 1 empty line          max-empty-lines
 142:3    ✖  Expected indentation of 4 spaces            indentation
 143:5    ✖  Expected indentation of 8 spaces            indentation
 145:5    ✖  Expected indentation of 8 spaces            indentation
 146:7    ✖  Expected indentation of 12 spaces           indentation
 147:5    ✖  Expected indentation of 8 spaces            indentation
 149:5    ✖  Expected indentation of 8 spaces            indentation
 150:7    ✖  Expected indentation of 12 spaces           indentation
 150:213  ✖  Expected line length to be no more than     max-line-length
             100 characters
 151:7    ✖  Expected indentation of 12 spaces           indentation
 152:5    ✖  Expected indentation of 8 spaces            indentation
 154:5    ✖  Expected indentation of 8 spaces            indentation
 155:7    ✖  Expected empty line before rule             rule-empty-line-before
 155:7    ✖  Expected indentation of 12 spaces           indentation
 156:9    ✖  Expected indentation of 16 spaces           indentation
 157:7    ✖  Expected indentation of 12 spaces           indentation
 159:7    ✖  Expected indentation of 12 spaces           indentation
 160:9    ✖  Expected indentation of 16 spaces           indentation
 161:7    ✖  Expected indentation of 12 spaces           indentation
 162:5    ✖  Expected indentation of 8 spaces            indentation
 163:3    ✖  Expected indentation of 4 spaces            indentation
 167:3    ✖  Expected indentation of 4 spaces            indentation
 168:5    ✖  Expected empty line before rule             rule-empty-line-before
 168:5    ✖  Expected indentation of 8 spaces            indentation
 169:7    ✖  Expected indentation of 12 spaces           indentation
 170:5    ✖  Expected indentation of 8 spaces            indentation
 172:5    ✖  Expected indentation of 8 spaces            indentation
 173:7    ✖  Expected indentation of 12 spaces           indentation
 174:7    ✖  Expected indentation of 12 spaces           indentation
 175:5    ✖  Expected indentation of 8 spaces            indentation
 176:3    ✖  Expected indentation of 4 spaces            indentation

source/sass/object/_tooltip.scss
  7:168  ✖  Expected line length to be   max-line-length
            no more than 100 characters
 12:135  ✖  Expected line length to be   max-line-length
            no more than 100 characters
 21:118  ✖  Expected line length to be   max-line-length
            no more than 100 characters
 25:113  ✖  Expected line length to be   max-line-length
            no more than 100 characters
 39:6    ✖  Expected single colon        selector-pseudo-element-colon-notation
            pseudo-element notation
 40:6    ✖  Expected single colon        selector-pseudo-element-colon-notation
            pseudo-element notation
 50:6    ✖  Expected single colon        selector-pseudo-element-colon-notation
            pseudo-element notation
 52:154  ✖  Expected line length to be   max-line-length
            no more than 100 characters
 55:6    ✖  Expected single colon        selector-pseudo-element-colon-notation
            pseudo-element notation

source/sass/setting/_design-tokens.scss
  44:122  ✖  Expected line length to be no more than 100        max-line-length
             characters
  96:135  ✖  Expected line length to be no more than 100        max-line-length
             characters
  97:129  ✖  Expected line length to be no more than 100        max-line-length
             characters
 100:141  ✖  Expected line length to be no more than 100        max-line-length
             characters
 101:135  ✖  Expected line length to be no more than 100        max-line-length
             characters
 135:126  ✖  Expected line length to be no more than 100        max-line-length
             characters
 136:144  ✖  Expected line length to be no more than 100        max-line-length
             characters
 137:144  ✖  Expected line length to be no more than 100        max-line-length
             characters
 140:117  ✖  Expected line length to be no more than 100        max-line-length
             characters
 141:135  ✖  Expected line length to be no more than 100        max-line-length
             characters
 142:135  ✖  Expected line length to be no more than 100        max-line-length
             characters
 151:129  ✖  Expected line length to be no more than 100        max-line-length
             characters
 159:135  ✖  Expected line length to be no more than 100        max-line-length
             characters
 162:135  ✖  Expected line length to be no more than 100        max-line-length
             characters
 165:132  ✖  Expected line length to be no more than 100        max-line-length
             characters
 168:126  ✖  Expected line length to be no more than 100        max-line-length
             characters

source/sass/setting/_var_css.scss
   3:3    ✖  Expected indentation of 4 spaces                 indentation
   4:9    ✖  Unexpected whitespace at end of line             no-eol-whitespace
   5:58   ✖  Unexpected whitespace at end of line             no-eol-whitespace
   7:61   ✖  Unexpected whitespace at end of line             no-eol-whitespace
  10:3    ✖  Expected indentation of 4 spaces                 indentation
  11:3    ✖  Expected indentation of 4 spaces                 indentation
  13:3    ✖  Expected indentation of 4 spaces                 indentation
  16:3    ✖  Expected indentation of 4 spaces                 indentation
  17:3    ✖  Expected indentation of 4 spaces                 indentation
  18:3    ✖  Expected indentation of 4 spaces                 indentation
  19:3    ✖  Expected indentation of 4 spaces                 indentation
  20:3    ✖  Expected indentation of 4 spaces                 indentation
  21:3    ✖  Expected indentation of 4 spaces                 indentation
  22:3    ✖  Expected indentation of 4 spaces                 indentation
  23:3    ✖  Expected indentation of 4 spaces                 indentation
  24:3    ✖  Expected indentation of 4 spaces                 indentation
  26:3    ✖  Expected indentation of 4 spaces                 indentation
  29:3    ✖  Expected indentation of 4 spaces                 indentation
  30:3    ✖  Expected indentation of 4 spaces                 indentation
  31:3    ✖  Expected indentation of 4 spaces                 indentation
  32:3    ✖  Expected indentation of 4 spaces                 indentation
  33:3    ✖  Expected indentation of 4 spaces                 indentation
  34:3    ✖  Expected indentation of 4 spaces                 indentation
  35:3    ✖  Expected indentation of 4 spaces                 indentation
  37:3    ✖  Expected indentation of 4 spaces                 indentation
  37:19   ✖  Expected double quotes                           string-quotes
  39:3    ✖  Expected indentation of 4 spaces                 indentation
  42:3    ✖  Expected indentation of 4 spaces                 indentation
  44:3    ✖  Expected indentation of 4 spaces                 indentation
  45:3    ✖  Expected indentation of 4 spaces                 indentation
  46:3    ✖  Expected indentation of 4 spaces                 indentation
  47:3    ✖  Expected indentation of 4 spaces                 indentation
  48:3    ✖  Expected indentation of 4 spaces                 indentation
  49:3    ✖  Expected indentation of 4 spaces                 indentation
  50:3    ✖  Expected indentation of 4 spaces                 indentation
  51:3    ✖  Expected indentation of 4 spaces                 indentation
  52:3    ✖  Expected indentation of 4 spaces                 indentation
  53:3    ✖  Expected indentation of 4 spaces                 indentation
  55:3    ✖  Expected indentation of 4 spaces                 indentation
  66:3    ✖  Expected indentation of 4 spaces                 indentation
  67:3    ✖  Expected indentation of 4 spaces                 indentation
  68:3    ✖  Expected indentation of 4 spaces                 indentation
  69:3    ✖  Expected indentation of 4 spaces                 indentation
  69:120  ✖  Expected line length to be no more than 100      max-line-length
             characters
  71:3    ✖  Expected indentation of 4 spaces                 indentation
  72:3    ✖  Expected indentation of 4 spaces                 indentation
  72:228  ✖  Expected line length to be no more than 100      max-line-length
             characters
  74:3    ✖  Expected indentation of 4 spaces                 indentation
  75:3    ✖  Expected indentation of 4 spaces                 indentation
  76:3    ✖  Expected indentation of 4 spaces                 indentation
  77:3    ✖  Expected indentation of 4 spaces                 indentation
  78:3    ✖  Expected indentation of 4 spaces                 indentation
  79:3    ✖  Expected indentation of 4 spaces                 indentation
  80:3    ✖  Expected indentation of 4 spaces                 indentation
  81:3    ✖  Expected indentation of 4 spaces                 indentation
  83:3    ✖  Expected indentation of 4 spaces                 indentation
  84:3    ✖  Expected indentation of 4 spaces                 indentation
  85:3    ✖  Expected indentation of 4 spaces                 indentation
  86:3    ✖  Expected indentation of 4 spaces                 indentation
  87:3    ✖  Expected indentation of 4 spaces                 indentation
  88:3    ✖  Expected indentation of 4 spaces                 indentation
  89:3    ✖  Expected indentation of 4 spaces                 indentation
  91:3    ✖  Expected indentation of 4 spaces                 indentation
  92:3    ✖  Expected indentation of 4 spaces                 indentation
  93:3    ✖  Expected indentation of 4 spaces                 indentation
  94:3    ✖  Expected indentation of 4 spaces                 indentation
  95:3    ✖  Expected indentation of 4 spaces                 indentation
  97:3    ✖  Expected indentation of 4 spaces                 indentation
  98:3    ✖  Expected indentation of 4 spaces                 indentation
  99:3    ✖  Expected indentation of 4 spaces                 indentation
 101:3    ✖  Expected indentation of 4 spaces                 indentation
 102:3    ✖  Expected indentation of 4 spaces                 indentation
 104:3    ✖  Expected indentation of 4 spaces                 indentation
 114:3    ✖  Expected indentation of 4 spaces                 indentation
 115:3    ✖  Expected indentation of 4 spaces                 indentation
 116:3    ✖  Expected indentation of 4 spaces                 indentation
 117:3    ✖  Expected indentation of 4 spaces                 indentation
 119:3    ✖  Expected indentation of 4 spaces                 indentation
 120:3    ✖  Expected indentation of 4 spaces                 indentation
 121:3    ✖  Expected indentation of 4 spaces                 indentation
 122:3    ✖  Expected indentation of 4 spaces                 indentation
 124:3    ✖  Expected indentation of 4 spaces                 indentation
 135:3    ✖  Expected indentation of 4 spaces                 indentation
 136:3    ✖  Expected indentation of 4 spaces                 indentation
 137:3    ✖  Expected indentation of 4 spaces                 indentation
 138:3    ✖  Expected indentation of 4 spaces                 indentation
 140:3    ✖  Expected indentation of 4 spaces                 indentation
 141:3    ✖  Expected indentation of 4 spaces                 indentation
 142:3    ✖  Expected indentation of 4 spaces                 indentation
 142:117  ✖  Expected line length to be no more than 100      max-line-length
             characters
 143:3    ✖  Expected indentation of 4 spaces                 indentation
 143:117  ✖  Expected line length to be no more than 100      max-line-length
             characters
 144:3    ✖  Expected indentation of 4 spaces                 indentation
 144:118  ✖  Expected line length to be no more than 100      max-line-length
             characters
 145:3    ✖  Expected indentation of 4 spaces                 indentation
 145:119  ✖  Expected line length to be no more than 100      max-line-length
             characters
 146:3    ✖  Expected indentation of 4 spaces                 indentation
 146:119  ✖  Expected line length to be no more than 100      max-line-length
             characters
 148:3    ✖  Expected indentation of 4 spaces                 indentation
 149:3    ✖  Expected indentation of 4 spaces                 indentation
 150:3    ✖  Expected indentation of 4 spaces                 indentation
 150:138  ✖  Expected line length to be no more than 100      max-line-length
             characters
 151:3    ✖  Expected indentation of 4 spaces                 indentation
 151:138  ✖  Expected line length to be no more than 100      max-line-length
             characters
 152:3    ✖  Expected indentation of 4 spaces                 indentation
 152:138  ✖  Expected line length to be no more than 100      max-line-length
             characters
 153:3    ✖  Expected indentation of 4 spaces                 indentation
 153:138  ✖  Expected line length to be no more than 100      max-line-length
             characters
 154:3    ✖  Expected indentation of 4 spaces                 indentation
 154:138  ✖  Expected line length to be no more than 100      max-line-length
             characters
 156:3    ✖  Expected indentation of 4 spaces                 indentation
 160:3    ✖  Expected indentation of 4 spaces                 indentation
 161:3    ✖  Expected indentation of 4 spaces                 indentation
 162:3    ✖  Expected indentation of 4 spaces                 indentation
 164:3    ✖  Expected indentation of 4 spaces                 indentation
 165:3    ✖  Expected indentation of 4 spaces                 indentation
 167:3    ✖  Expected indentation of 4 spaces                 indentation
 168:3    ✖  Expected indentation of 4 spaces                 indentation
 170:3    ✖  Expected indentation of 4 spaces                 indentation
 171:3    ✖  Expected indentation of 4 spaces                 indentation
 172:3    ✖  Expected indentation of 4 spaces                 indentation
 174:3    ✖  Expected indentation of 4 spaces                 indentation
 175:3    ✖  Expected indentation of 4 spaces                 indentation
 177:3    ✖  Expected indentation of 4 spaces                 indentation
 178:3    ✖  Expected indentation of 4 spaces                 indentation
 179:3    ✖  Expected indentation of 4 spaces                 indentation
 181:3    ✖  Expected indentation of 4 spaces                 indentation
 182:3    ✖  Expected indentation of 4 spaces                 indentation
 183:3    ✖  Expected indentation of 4 spaces                 indentation
 185:3    ✖  Expected indentation of 4 spaces                 indentation
 186:3    ✖  Expected indentation of 4 spaces                 indentation
 187:3    ✖  Expected indentation of 4 spaces                 indentation
 189:3    ✖  Expected indentation of 4 spaces                 indentation
 190:3    ✖  Expected indentation of 4 spaces                 indentation
 192:3    ✖  Expected indentation of 4 spaces                 indentation
 193:3    ✖  Expected indentation of 4 spaces                 indentation
 195:3    ✖  Expected indentation of 4 spaces                 indentation
 196:3    ✖  Expected indentation of 4 spaces                 indentation
 198:3    ✖  Expected indentation of 4 spaces                 indentation
 199:3    ✖  Expected indentation of 4 spaces                 indentation
 200:3    ✖  Expected indentation of 4 spaces                 indentation
 201:3    ✖  Expected indentation of 4 spaces                 indentation
 202:3    ✖  Expected indentation of 4 spaces                 indentation
 203:3    ✖  Expected indentation of 4 spaces                 indentation
 204:3    ✖  Expected indentation of 4 spaces                 indentation
 206:3    ✖  Expected indentation of 4 spaces                 indentation
 207:3    ✖  Expected indentation of 4 spaces                 indentation
 208:3    ✖  Expected indentation of 4 spaces                 indentation
 209:3    ✖  Expected indentation of 4 spaces                 indentation
 210:3    ✖  Expected indentation of 4 spaces                 indentation

source/sass/setting/_var_export.scss
  6:3  ✖  Expected indentation of 4 spaces  indentation
  7:3  ✖  Expected indentation of 4 spaces  indentation
  8:3  ✖  Expected indentation of 4 spaces  indentation
  9:3  ✖  Expected indentation of 4 spaces  indentation
 10:3  ✖  Expected indentation of 4 spaces  indentation

source/sass/setting/_var_properties.scss
 28:164  ✖  Expected line length to be no more than 100         max-line-length
            characters
 29:164  ✖  Expected line length to be no more than 100         max-line-length
            characters
 30:165  ✖  Expected line length to be no more than 100         max-line-length
            characters
 31:166  ✖  Expected line length to be no more than 100         max-line-length
            characters
 32:166  ✖  Expected line length to be no more than 100         max-line-length
            characters
 34:165  ✖  Expected line length to be no more than 100         max-line-length
            characters

source/components/field/types/_type-color.scss
  8:3  ✖  Expected empty line before rule    rule-empty-line-before
  8:3  ✖  Expected indentation of 4 spaces   indentation
  9:5  ✖  Expected indentation of 8 spaces   indentation
 10:5  ✖  Expected indentation of 8 spaces   indentation
 11:5  ✖  Expected indentation of 8 spaces   indentation
 12:5  ✖  Expected indentation of 8 spaces   indentation
 13:5  ✖  Expected indentation of 8 spaces   indentation
 14:5  ✖  Expected indentation of 8 spaces   indentation
 16:5  ✖  Expected indentation of 8 spaces   indentation
 17:7  ✖  Expected indentation of 12 spaces  indentation
 18:7  ✖  Expected indentation of 12 spaces  indentation
 19:7  ✖  Expected indentation of 12 spaces  indentation
 21:7  ✖  Expected indentation of 12 spaces  indentation
 22:9  ✖  Expected indentation of 16 spaces  indentation
 23:9  ✖  Expected indentation of 16 spaces  indentation
 24:7  ✖  Expected indentation of 12 spaces  indentation
 26:7  ✖  Expected indentation of 12 spaces  indentation
 27:9  ✖  Expected indentation of 16 spaces  indentation
 28:9  ✖  Expected indentation of 16 spaces  indentation
 29:7  ✖  Expected indentation of 12 spaces  indentation
 31:7  ✖  Expected indentation of 12 spaces  indentation
 32:9  ✖  Expected indentation of 16 spaces  indentation
 33:9  ✖  Expected indentation of 16 spaces  indentation
 34:7  ✖  Expected indentation of 12 spaces  indentation
 35:5  ✖  Expected indentation of 8 spaces   indentation
 36:3  ✖  Expected indentation of 4 spaces   indentation
 38:3  ✖  Expected indentation of 4 spaces   indentation
 39:5  ✖  Expected indentation of 8 spaces   indentation
 40:5  ✖  Expected indentation of 8 spaces   indentation
 41:3  ✖  Expected indentation of 4 spaces   indentation
 43:3  ✖  Expected indentation of 4 spaces   indentation
 44:3  ✖  Expected indentation of 4 spaces   indentation
 45:5  ✖  Expected indentation of 8 spaces   indentation
 46:5  ✖  Expected indentation of 8 spaces   indentation
 47:5  ✖  Expected indentation of 8 spaces   indentation
 48:3  ✖  Expected indentation of 4 spaces   indentation

source/components/field/types/_type-search.scss
  6:3  ✖  Expected empty line before rule    rule-empty-line-before
  6:3  ✖  Expected indentation of 4 spaces   indentation
  7:5  ✖  Expected empty line before rule    rule-empty-line-before
  7:5  ✖  Expected indentation of 8 spaces   indentation
  8:7  ✖  Expected indentation of 12 spaces  indentation
  9:7  ✖  Expected indentation of 12 spaces  indentation
 10:7  ✖  Expected indentation of 12 spaces  indentation
 11:7  ✖  Expected indentation of 12 spaces  indentation
 12:7  ✖  Expected indentation of 12 spaces  indentation
 13:5  ✖  Expected indentation of 8 spaces   indentation
 14:3  ✖  Expected indentation of 4 spaces   indentation
 16:3  ✖  Expected indentation of 4 spaces   indentation
 18:5  ✖  Expected indentation of 8 spaces   indentation
 19:5  ✖  Expected indentation of 8 spaces   indentation
 20:5  ✖  Expected indentation of 8 spaces   indentation
 21:5  ✖  Expected indentation of 8 spaces   indentation
 22:5  ✖  Expected indentation of 8 spaces   indentation
 23:7  ✖  Expected indentation of 12 spaces  indentation
 24:5  ✖  Expected indentation of 8 spaces   indentation
 25:3  ✖  Expected indentation of 4 spaces   indentation

source/components/field/types/_type-temporal.scss
  8:3  ✖  Expected empty line before rule    rule-empty-line-before
  8:3  ✖  Expected indentation of 4 spaces   indentation
  9:5  ✖  Expected empty line before rule    rule-empty-line-before
  9:5  ✖  Expected indentation of 8 spaces   indentation
 10:7  ✖  Expected indentation of 12 spaces  indentation
 11:7  ✖  Expected indentation of 12 spaces  indentation
 12:7  ✖  Expected indentation of 12 spaces  indentation
 13:7  ✖  Expected indentation of 12 spaces  indentation
 14:7  ✖  Expected indentation of 12 spaces  indentation
 15:7  ✖  Expected indentation of 12 spaces  indentation
 16:5  ✖  Expected indentation of 8 spaces   indentation
 17:3  ✖  Expected indentation of 4 spaces   indentation
 19:3  ✖  Expected indentation of 4 spaces   indentation
 20:3  ✖  Expected indentation of 4 spaces   indentation
 21:3  ✖  Expected indentation of 4 spaces   indentation
 22:3  ✖  Expected indentation of 4 spaces   indentation
 23:3  ✖  Expected indentation of 4 spaces   indentation
 24:5  ✖  Expected indentation of 8 spaces   indentation
 25:7  ✖  Expected indentation of 12 spaces  indentation
 26:5  ✖  Expected indentation of 8 spaces   indentation
 27:3  ✖  Expected indentation of 4 spaces   indentation

source/components/segment/layout/card.scss
   8:3    ✖  Expected indentation of 4 spaces                   indentation
   9:5    ✖  Expected indentation of 8 spaces                   indentation
  10:5    ✖  Expected indentation of 8 spaces                   indentation
  11:5    ✖  Expected indentation of 8 spaces                   indentation
  12:5    ✖  Expected indentation of 8 spaces                   indentation
  14:5    ✖  Expected indentation of 8 spaces                   indentation
  15:7    ✖  Expected indentation of 12 spaces                  indentation
  16:7    ✖  Expected indentation of 12 spaces                  indentation
  17:7    ✖  Expected indentation of 12 spaces                  indentation
  18:7    ✖  Expected indentation of 12 spaces                  indentation
  20:7    ✖  Expected indentation of 12 spaces                  indentation
  21:9    ✖  Expected indentation of 16 spaces                  indentation
  22:7    ✖  Expected indentation of 12 spaces                  indentation
  23:5    ✖  Expected indentation of 8 spaces                   indentation
  25:5    ✖  Expected indentation of 8 spaces                   indentation
  26:7    ✖  Expected indentation of 12 spaces                  indentation
  27:7    ✖  Expected indentation of 12 spaces                  indentation
  28:7    ✖  Expected indentation of 12 spaces                  indentation
  30:7    ✖  Expected indentation of 12 spaces                  indentation
  31:9    ✖  Expected indentation of 16 spaces                  indentation
  32:7    ✖  Expected indentation of 12 spaces                  indentation
  33:5    ✖  Expected indentation of 8 spaces                   indentation
  35:5    ✖  Expected indentation of 8 spaces                   indentation
  36:7    ✖  Expected indentation of 12 spaces                  indentation
  37:5    ✖  Expected indentation of 8 spaces                   indentation
  39:5    ✖  Expected indentation of 8 spaces                   indentation
  40:7    ✖  Expected indentation of 12 spaces                  indentation
  41:7    ✖  Expected indentation of 12 spaces                  indentation
  42:5    ✖  Expected indentation of 8 spaces                   indentation
  44:5    ✖  Expected indentation of 8 spaces                   indentation
  45:7    ✖  Expected indentation of 12 spaces                  indentation
  46:7    ✖  Expected indentation of 12 spaces                  indentation
  48:7    ✖  Expected indentation of 12 spaces                  indentation
  49:9    ✖  Expected indentation of 16 spaces                  indentation
  50:9    ✖  Expected indentation of 16 spaces                  indentation
  51:7    ✖  Expected indentation of 12 spaces                  indentation
  52:5    ✖  Expected indentation of 8 spaces                   indentation
  54:5    ✖  Expected indentation of 8 spaces                   indentation
  55:7    ✖  Expected indentation of 12 spaces                  indentation
  56:5    ✖  Expected indentation of 8 spaces                   indentation
  57:3    ✖  Expected indentation of 4 spaces                   indentation
  61:3    ✖  Expected indentation of 4 spaces                   indentation
  62:5    ✖  Expected indentation of 8 spaces                   indentation
  62:151  ✖  Expected line length to be no more than 100        max-line-length
             characters
  63:3    ✖  Expected indentation of 4 spaces                   indentation
  67:3    ✖  Expected indentation of 4 spaces                   indentation
  68:5    ✖  Expected indentation of 8 spaces                   indentation
  69:5    ✖  Expected indentation of 8 spaces                   indentation
  70:5    ✖  Expected indentation of 8 spaces                   indentation
  71:3    ✖  Expected indentation of 4 spaces                   indentation
  73:3    ✖  Expected indentation of 4 spaces                   indentation
  74:5    ✖  Expected indentation of 8 spaces                   indentation
  75:5    ✖  Expected indentation of 8 spaces                   indentation
  76:5    ✖  Expected indentation of 8 spaces                   indentation
  77:3    ✖  Expected indentation of 4 spaces                   indentation
  79:3    ✖  Expected indentation of 4 spaces                   indentation
  80:5    ✖  Expected indentation of 8 spaces                   indentation
  81:5    ✖  Expected indentation of 8 spaces                   indentation
  82:3    ✖  Expected indentation of 4 spaces                   indentation
  84:3    ✖  Expected indentation of 4 spaces                   indentation
  85:5    ✖  Expected indentation of 8 spaces                   indentation
  86:3    ✖  Expected indentation of 4 spaces                   indentation
  88:3    ✖  Expected indentation of 4 spaces                   indentation
  89:5    ✖  Expected indentation of 8 spaces                   indentation
  90:3    ✖  Expected indentation of 4 spaces                   indentation
  94:3    ✖  Expected indentation of 4 spaces                   indentation
  95:5    ✖  Expected indentation of 8 spaces                   indentation
  96:3    ✖  Expected indentation of 4 spaces                   indentation
  98:3    ✖  Expected indentation of 4 spaces                   indentation
  99:5    ✖  Expected indentation of 8 spaces                   indentation
 100:3    ✖  Expected indentation of 4 spaces                   indentation
 102:3    ✖  Expected indentation of 4 spaces                   indentation
 103:3    ✖  Expected indentation of 4 spaces                   indentation
 104:5    ✖  Expected indentation of 8 spaces                   indentation
 105:5    ✖  Expected indentation of 8 spaces                   indentation
 106:5    ✖  Expected indentation of 8 spaces                   indentation
 107:5    ✖  Expected indentation of 8 spaces                   indentation
 108:5    ✖  Expected indentation of 8 spaces                   indentation
 109:5    ✖  Expected indentation of 8 spaces                   indentation
 110:3    ✖  Expected indentation of 4 spaces                   indentation
 112:3    ✖  Expected indentation of 4 spaces                   indentation
 113:3    ✖  Expected indentation of 4 spaces                   indentation
 114:5    ✖  Expected indentation of 8 spaces                   indentation
 115:5    ✖  Expected indentation of 8 spaces                   indentation
 116:3    ✖  Expected indentation of 4 spaces                   indentation
 118:3    ✖  Expected indentation of 4 spaces                   indentation
 119:3    ✖  Expected indentation of 4 spaces                   indentation
 120:5    ✖  Expected indentation of 8 spaces                   indentation
 121:5    ✖  Expected indentation of 8 spaces                   indentation
 122:3    ✖  Expected indentation of 4 spaces                   indentation
 124:3    ✖  Expected indentation of 4 spaces                   indentation
 125:5    ✖  Expected indentation of 8 spaces                   indentation
 126:5    ✖  Expected indentation of 8 spaces                   indentation
 127:5    ✖  Expected indentation of 8 spaces                   indentation
 128:5    ✖  Expected indentation of 8 spaces                   indentation
 129:3    ✖  Expected indentation of 4 spaces                   indentation
 131:3    ✖  Expected indentation of 4 spaces                   indentation
 132:5    ✖  Expected indentation of 8 spaces                   indentation
 133:3    ✖  Expected indentation of 4 spaces                   indentation
 135:3    ✖  Expected indentation of 4 spaces                   indentation
 136:5    ✖  Expected indentation of 8 spaces                   indentation
 137:3    ✖  Expected indentation of 4 spaces                   indentation
 139:3    ✖  Expected indentation of 4 spaces                   indentation
 140:5    ✖  Expected indentation of 8 spaces                   indentation
 141:5    ✖  Expected indentation of 8 spaces                   indentation
 142:3    ✖  Expected indentation of 4 spaces                   indentation

source/components/segment/layout/featured.scss
  7:3  ✖  Expected indentation of 4 spaces   indentation
  8:3  ✖  Expected indentation of 4 spaces   indentation
 10:3  ✖  Expected indentation of 4 spaces   indentation
 11:5  ✖  Expected indentation of 8 spaces   indentation
 12:5  ✖  Expected indentation of 8 spaces   indentation
 13:5  ✖  Expected indentation of 8 spaces   indentation
 14:5  ✖  Expected indentation of 8 spaces   indentation
 15:3  ✖  Expected indentation of 4 spaces   indentation
 17:3  ✖  Expected indentation of 4 spaces   indentation
 18:5  ✖  Expected indentation of 8 spaces   indentation
 19:5  ✖  Expected indentation of 8 spaces   indentation
 20:5  ✖  Expected indentation of 8 spaces   indentation
 21:3  ✖  Expected indentation of 4 spaces   indentation
 23:3  ✖  Expected indentation of 4 spaces   indentation
 24:5  ✖  Expected indentation of 8 spaces   indentation
 25:3  ✖  Expected indentation of 4 spaces   indentation
 27:3  ✖  Expected indentation of 4 spaces   indentation
 28:5  ✖  Expected indentation of 8 spaces   indentation
 30:5  ✖  Expected indentation of 8 spaces   indentation
 31:7  ✖  Expected indentation of 12 spaces  indentation
 32:5  ✖  Expected indentation of 8 spaces   indentation
 33:3  ✖  Expected indentation of 4 spaces   indentation
 35:3  ✖  Expected indentation of 4 spaces   indentation
 36:5  ✖  Expected indentation of 8 spaces   indentation
 37:3  ✖  Expected indentation of 4 spaces   indentation
 39:3  ✖  Expected indentation of 4 spaces   indentation
 40:5  ✖  Expected indentation of 8 spaces   indentation
 41:7  ✖  Expected indentation of 12 spaces  indentation
 42:7  ✖  Expected indentation of 12 spaces  indentation
 43:7  ✖  Expected indentation of 12 spaces  indentation
 44:5  ✖  Expected indentation of 8 spaces   indentation
 46:5  ✖  Expected indentation of 8 spaces   indentation
 47:7  ✖  Expected indentation of 12 spaces  indentation
 48:7  ✖  Expected indentation of 12 spaces  indentation
 49:5  ✖  Expected indentation of 8 spaces   indentation
 50:3  ✖  Expected indentation of 4 spaces   indentation
 55:3  ✖  Expected indentation of 4 spaces   indentation
 56:3  ✖  Expected indentation of 4 spaces   indentation
 57:5  ✖  Expected indentation of 8 spaces   indentation
 58:3  ✖  Expected indentation of 4 spaces   indentation
 60:3  ✖  Expected indentation of 4 spaces   indentation
 61:3  ✖  Expected indentation of 4 spaces   indentation
 62:5  ✖  Expected indentation of 8 spaces   indentation
 63:3  ✖  Expected indentation of 4 spaces   indentation
 65:3  ✖  Expected indentation of 4 spaces   indentation
 66:3  ✖  Expected indentation of 4 spaces   indentation
 67:5  ✖  Expected indentation of 8 spaces   indentation
 68:3  ✖  Expected indentation of 4 spaces   indentation

source/components/segment/layout/fullwidth.scss
  6:3  ✖  Expected indentation of 4 spaces  indentation
  7:3  ✖  Expected indentation of 4 spaces  indentation
  8:3  ✖  Expected indentation of 4 spaces  indentation
 10:3  ✖  Expected indentation of 4 spaces  indentation
 11:5  ✖  Expected indentation of 8 spaces  indentation
 12:5  ✖  Expected indentation of 8 spaces  indentation
 13:3  ✖  Expected indentation of 4 spaces  indentation
 15:3  ✖  Expected indentation of 4 spaces  indentation
 16:5  ✖  Expected indentation of 8 spaces  indentation
 17:3  ✖  Expected indentation of 4 spaces  indentation
 19:3  ✖  Expected indentation of 4 spaces  indentation
 20:5  ✖  Expected indentation of 8 spaces  indentation
 21:3  ✖  Expected indentation of 4 spaces  indentation
 23:3  ✖  Expected indentation of 4 spaces  indentation
 24:5  ✖  Expected indentation of 8 spaces  indentation
 25:3  ✖  Expected indentation of 4 spaces  indentation
 29:3  ✖  Expected indentation of 4 spaces  indentation
 30:5  ✖  Expected indentation of 8 spaces  indentation
 31:3  ✖  Expected indentation of 4 spaces  indentation
 33:3  ✖  Expected indentation of 4 spaces  indentation
 34:5  ✖  Expected indentation of 8 spaces  indentation
 35:3  ✖  Expected indentation of 4 spaces  indentation
 37:3  ✖  Expected indentation of 4 spaces  indentation
 38:5  ✖  Expected indentation of 8 spaces  indentation
 39:3  ✖  Expected indentation of 4 spaces  indentation
 43:3  ✖  Expected indentation of 4 spaces  indentation
 44:3  ✖  Expected indentation of 4 spaces  indentation
 46:3  ✖  Expected indentation of 4 spaces  indentation
 47:5  ✖  Expected indentation of 8 spaces  indentation
 48:5  ✖  Expected indentation of 8 spaces  indentation
 49:5  ✖  Expected indentation of 8 spaces  indentation
 50:3  ✖  Expected indentation of 4 spaces  indentation

source/components/segment/layout/split.scss
  7:3  ✖  Expected indentation of 4 spaces   indentation
  8:3  ✖  Expected indentation of 4 spaces   indentation
  9:3  ✖  Expected indentation of 4 spaces   indentation
 11:3  ✖  Expected indentation of 4 spaces   indentation
 12:5  ✖  Expected indentation of 8 spaces   indentation
 13:5  ✖  Expected indentation of 8 spaces   indentation
 14:5  ✖  Expected indentation of 8 spaces   indentation
 15:5  ✖  Expected indentation of 8 spaces   indentation
 16:3  ✖  Expected indentation of 4 spaces   indentation
 18:3  ✖  Expected indentation of 4 spaces   indentation
 19:5  ✖  Expected indentation of 8 spaces   indentation
 20:5  ✖  Expected indentation of 8 spaces   indentation
 21:3  ✖  Expected indentation of 4 spaces   indentation
 23:3  ✖  Expected indentation of 4 spaces   indentation
 24:5  ✖  Expected indentation of 8 spaces   indentation
 26:5  ✖  Expected indentation of 8 spaces   indentation
 27:7  ✖  Expected indentation of 12 spaces  indentation
 28:5  ✖  Expected indentation of 8 spaces   indentation
 29:3  ✖  Expected indentation of 4 spaces   indentation
 31:3  ✖  Expected indentation of 4 spaces   indentation
 32:5  ✖  Expected indentation of 8 spaces   indentation
 33:3  ✖  Expected indentation of 4 spaces   indentation
 35:3  ✖  Expected indentation of 4 spaces   indentation
 37:5  ✖  Expected indentation of 8 spaces   indentation
 38:5  ✖  Expected indentation of 8 spaces   indentation
 39:7  ✖  Expected indentation of 12 spaces  indentation
 40:5  ✖  Expected indentation of 8 spaces   indentation
 41:3  ✖  Expected indentation of 4 spaces   indentation
 46:3  ✖  Expected indentation of 4 spaces   indentation
 47:3  ✖  Expected indentation of 4 spaces   indentation
 48:5  ✖  Expected indentation of 8 spaces   indentation
 49:3  ✖  Expected indentation of 4 spaces   indentation
 51:3  ✖  Expected indentation of 4 spaces   indentation
 52:3  ✖  Expected indentation of 4 spaces   indentation
 53:5  ✖  Expected indentation of 8 spaces   indentation
 54:3  ✖  Expected indentation of 4 spaces   indentation
 56:3  ✖  Expected indentation of 4 spaces   indentation
 57:3  ✖  Expected indentation of 4 spaces   indentation
 58:5  ✖  Expected indentation of 8 spaces   indentation
 59:3  ✖  Expected indentation of 4 spaces   indentation

source/sass/mixin/animations/_ken-burns.scss
  6:5  ✖  Expected empty line before rule  rule-empty-line-before
 10:5  ✖  Expected empty line before rule  rule-empty-line-before

2769 problems (2769 errors, 0 warnings)

